"match_id","Team_Id","Impact Batting","Avg_Impact_Batting","Toss_Winner","match_winner","TossWin","Win","Impact Bowling","Avg_Impact_Bowling","Impact Fielding","Avg_Impact_Fielding"
335987,1,50.5,4.59090909090909,2,1,0,1,73.01,6.63727272727273,77,7
335987,2,40,3.63636363636364,2,1,1,0,62.68,5.69818181818182,72,6.54545454545455
335988,3,63,5.72727272727273,3,3,1,1,61.67,5.60636363636364,73,6.63636363636364
335988,4,57.25,5.20454545454545,3,3,0,0,60.99,5.54454545454545,70,6.36363636363636
335989,1,47,4.27272727272727,5,1,0,1,70.33,6.39363636363636,71.5,6.5
335989,5,52,4.72727272727273,5,1,1,0,64.34,5.84909090909091,66,6
335990,2,58.5,5.31818181818182,7,2,0,1,68,6.18181818181818,72.5,6.59090909090909
335990,7,57.5,5.22727272727273,7,2,1,0,66,6,72,6.54545454545455
335991,1,44.75,4.06818181818182,8,1,0,1,73.66,6.69636363636364,81.5,7.40909090909091
335991,8,49.5,4.5,8,1,1,0,74.33,6.75727272727273,72,6.54545454545455
335992,4,60.25,5.47727272727273,4,5,1,0,66.01,6.00090909090909,70,6.36363636363636
335992,5,55.5,5.04545454545455,4,5,0,1,65.65,5.96818181818182,69.5,6.31818181818182
335993,1,46,4.18181818181818,8,1,0,1,70.66,6.42363636363636,75,6.81818181818182
335993,8,52.5,4.77272727272727,8,1,1,0,61.34,5.57636363636364,68,6.18181818181818
335994,3,59.25,5.38636363636364,7,3,0,1,66.34,6.03090909090909,74.5,6.77272727272727
335994,7,64,5.81818181818182,7,3,1,0,63.99,5.81727272727273,72,6.54545454545455
335995,5,62,5.63636363636364,5,5,1,1,63.67,5.78818181818182,72.5,6.59090909090909
335995,8,59.75,5.43181818181818,5,5,0,0,62.67,5.69727272727273,74,6.72727272727273
335996,4,58,5.27272727272727,7,4,0,1,72.66,6.60545454545455,73,6.63636363636364
335996,7,54,4.90909090909091,7,4,1,0,66.67,6.06090909090909,78,7.09090909090909
335997,2,52.75,4.79545454545455,5,5,0,0,67,6.09090909090909,71,6.45454545454545
335997,5,48.75,4.43181818181818,5,5,1,1,71.99,6.54454545454545,77.5,7.04545454545455
335998,1,56.5,5.13636363636364,1,3,1,0,65,5.90909090909091,68,6.18181818181818
335998,3,47.25,4.29545454545455,1,3,0,1,69.66,6.33272727272727,77,7
335999,7,56.5,5.13636363636364,8,8,0,0,57.33,5.21181818181818,66,6
335999,8,45.25,4.11363636363636,8,8,1,1,69.33,6.30272727272727,76,6.90909090909091
336000,1,59,5.36363636363636,1,4,1,0,68.33,6.21181818181818,71,6.45454545454545
336000,4,52.75,4.79545454545455,1,4,0,1,69.34,6.30363636363636,74,6.72727272727273
336001,2,55.75,5.06818181818182,3,3,0,0,64.01,5.81909090909091,71,6.45454545454545
336001,3,55.25,5.02272727272727,3,3,1,1,66.32,6.02909090909091,76.5,6.95454545454545
336002,1,52.75,4.79545454545455,1,7,1,0,69,6.27272727272727,68,6.18181818181818
336002,7,48,4.36363636363636,1,7,0,1,71.33,6.48454545454545,77,7
336003,1,57.75,5.25,2,1,0,1,65.34,5.94,73,6.63636363636364
336003,2,59.25,5.38636363636364,2,1,1,0,60.33,5.48454545454545,71,6.45454545454545
336004,4,50.75,4.61363636363636,4,4,1,1,67,6.09090909090909,75.5,6.86363636363636
336004,8,50.25,4.56818181818182,4,4,0,0,63.66,5.78727272727273,69,6.27272727272727
336005,1,54,4.90909090909091,5,5,0,0,66.34,6.03090909090909,69,6.27272727272727
336005,5,57.5,5.22727272727273,5,5,1,1,69,6.27272727272727,74.5,6.77272727272727
336006,1,51.75,4.70454545454545,3,1,0,1,66.34,6.03090909090909,74,6.72727272727273
336006,3,57.5,5.22727272727273,3,1,1,0,63,5.72727272727273,68,6.18181818181818
336007,2,61.75,5.61363636363636,8,2,0,1,69.66,6.33272727272727,76,6.90909090909091
336007,8,55.25,5.02272727272727,8,2,1,0,62.33,5.66636363636364,72.5,6.59090909090909
336008,1,50.25,4.56818181818182,4,4,0,0,66.99,6.09,72.5,6.59090909090909
336008,4,62.75,5.70454545454545,4,4,1,1,66.33,6.03,72,6.54545454545455
336009,1,51.75,4.70454545454545,1,7,1,0,70.66,6.42363636363636,75,6.81818181818182
336009,7,56.75,5.15909090909091,1,7,0,1,69,6.27272727272727,81,7.36363636363636
336010,3,47.5,4.31818181818182,3,5,1,0,67,6.09090909090909,70,6.36363636363636
336010,5,46.75,4.25,3,5,0,1,71.67,6.51545454545455,73,6.63636363636364
336011,2,46,4.18181818181818,4,4,0,0,69.66,6.33272727272727,71,6.45454545454545
336011,4,49.5,4.5,4,4,1,1,70.66,6.42363636363636,75.5,6.86363636363636
336012,3,55.25,5.02272727272727,8,8,0,0,67.33,6.12090909090909,69,6.27272727272727
336012,8,54.75,4.97727272727273,8,8,1,1,72.33,6.57545454545455,76,6.90909090909091
336013,5,46.25,4.20454545454545,7,7,0,0,68.32,6.21090909090909,70,6.36363636363636
336013,7,45.5,4.13636363636364,7,7,1,1,72.67,6.60636363636364,74,6.72727272727273
336014,1,53.75,4.88636363636364,3,3,0,0,65.33,5.93909090909091,75,6.81818181818182
336014,3,60.5,5.5,3,3,1,1,62.67,5.69727272727273,71,6.45454545454545
336015,1,59.25,5.38636363636364,1,1,1,1,62.99,5.72636363636364,69.5,6.31818181818182
336015,2,50.75,4.61363636363636,1,1,0,0,66.66,6.06,72,6.54545454545455
336016,5,48.75,4.43181818181818,5,5,1,1,70.67,6.42454545454545,74.5,6.77272727272727
336016,8,48.5,4.40909090909091,5,5,0,0,64.33,5.84818181818182,70,6.36363636363636
336017,2,50.75,4.61363636363636,7,7,0,0,64.67,5.87909090909091,68,6.18181818181818
336017,7,46.75,4.25,7,7,1,1,70.67,6.42454545454545,77.5,7.04545454545455
336018,3,53.25,4.84090909090909,4,3,0,1,67.34,6.12181818181818,81,7.36363636363636
336018,4,56,5.09090909090909,4,3,1,0,66.67,6.06090909090909,74,6.72727272727273
336019,1,57.25,5.20454545454545,1,1,1,1,68.33,6.21181818181818,77,7
336019,8,56.75,5.15909090909091,1,1,0,0,64,5.81818181818182,73,6.63636363636364
336020,1,53.75,4.88636363636364,5,5,0,0,67,6.09090909090909,71,6.45454545454545
336020,5,53,4.81818181818182,5,5,1,1,68.66,6.24181818181818,75,6.81818181818182
336021,2,50.25,4.56818181818182,2,4,1,0,62.01,5.63727272727273,68,6.18181818181818
336021,4,48,4.36363636363636,2,4,0,1,69.66,6.33272727272727,69,6.27272727272727
336022,1,95.5,8.68181818181818,1,1,1,1,142.32,12.9381818181818,152,13.8181818181818
336023,3,53.25,4.84090909090909,7,7,0,0,62,5.63636363636364,66,6
336023,7,44.25,4.02272727272727,7,7,1,1,68.66,6.24181818181818,73,6.63636363636364
336024,4,52.5,4.77272727272727,5,4,0,1,66,6,72,6.54545454545455
336024,5,59.75,5.43181818181818,5,4,1,0,62.01,5.63727272727273,71,6.45454545454545
336025,1,55.25,5.02272727272727,8,1,0,1,65,5.90909090909091,70,6.36363636363636
336025,8,64.25,5.84090909090909,8,1,1,0,61.99,5.63545454545455,71.5,6.5
336026,1,43.75,3.97727272727273,7,7,0,0,59.01,5.36454545454545,70,6.36363636363636
336026,7,41.75,3.79545454545455,7,7,1,1,73.67,6.69727272727273,75.5,6.86363636363636
336027,1,50,4.54545454545455,1,4,1,0,58.67,5.33363636363636,72,6.54545454545455
336027,4,48.75,4.43181818181818,1,4,0,1,63,5.72727272727273,72,6.54545454545455
336028,2,45.5,4.13636363636364,2,5,1,0,63.99,5.81727272727273,68,6.18181818181818
336028,5,49.25,4.47727272727273,2,5,0,1,70.34,6.39454545454545,77,7
336029,7,58.75,5.34090909090909,8,7,0,1,70.33,6.39363636363636,73.5,6.68181818181818
336029,8,55,5,8,7,1,0,68.01,6.18272727272727,74,6.72727272727273
336030,1,49.5,4.5,1,3,1,0,62.01,5.63727272727273,66,6
336030,3,40,3.63636363636364,1,3,0,1,68.34,6.21272727272727,68,6.18181818181818
336031,1,55.75,5.06818181818182,1,1,1,1,69.33,6.30272727272727,74,6.72727272727273
336031,2,53.5,4.86363636363636,1,1,0,0,65.67,5.97,73,6.63636363636364
336032,1,62,5.63636363636364,5,5,0,0,65.33,5.93909090909091,71,6.45454545454545
336032,5,57.25,5.20454545454545,5,5,1,1,70.99,6.45363636363636,73,6.63636363636364
336033,4,50.25,4.56818181818182,7,4,0,1,68.01,6.18272727272727,77.5,7.04545454545455
336033,7,59.5,5.40909090909091,7,4,1,0,65.33,5.93909090909091,72,6.54545454545455
336034,2,53.25,4.84090909090909,2,2,1,1,74.33,6.75727272727273,77,7
336034,3,45.75,4.15909090909091,2,2,0,0,70.32,6.39272727272727,75,6.81818181818182
336036,4,57,5.18181818181818,4,4,1,1,64.33,5.84818181818182,68,6.18181818181818
336036,8,54.75,4.97727272727273,4,4,0,0,63.33,5.75727272727273,74,6.72727272727273
336037,1,61,5.54545454545455,1,1,1,1,67.99,6.18090909090909,75,6.81818181818182
336037,7,55,5,1,1,0,0,64,5.81818181818182,71,6.45454545454545
336038,3,57.5,5.22727272727273,5,5,0,0,61,5.54545454545455,73.5,6.68181818181818
336038,5,58.25,5.29545454545455,5,5,1,1,64.34,5.84909090909091,73,6.63636363636364
336039,2,57.5,5.22727272727273,8,2,0,1,67.34,6.12181818181818,73,6.63636363636364
336039,8,49.75,4.52272727272727,8,2,1,0,67,6.09090909090909,70.5,6.40909090909091
336040,1,55.75,5.06818181818182,4,1,0,1,66.33,6.03,69,6.27272727272727
336040,4,58,5.27272727272727,4,1,1,0,68.01,6.18272727272727,74,6.72727272727273
336041,5,49.75,4.52272727272727,5,5,1,1,69.67,6.33363636363636,72.5,6.59090909090909
336041,7,51,4.63636363636364,5,5,0,0,70.01,6.36454545454546,74,6.72727272727273
336042,3,52.25,4.75,8,3,0,1,70.33,6.39363636363636,76,6.90909090909091
336042,8,52.5,4.77272727272727,8,3,1,0,68.34,6.21272727272727,72,6.54545454545455
336043,1,45.25,4.11363636363636,1,5,1,0,67.01,6.09181818181818,77.5,7.04545454545455
336043,5,62,5.63636363636364,1,5,0,1,73.67,6.69727272727273,79.5,7.22727272727273
336044,3,45,4.09090909090909,4,3,0,1,72.66,6.60545454545455,75,6.81818181818182
336044,4,47.5,4.31818181818182,4,3,1,0,64.67,5.87909090909091,68,6.18181818181818
336045,3,56,5.09090909090909,5,5,0,0,67.33,6.12090909090909,73.5,6.68181818181818
336045,5,54.5,4.95454545454545,5,5,1,1,67,6.09090909090909,74,6.72727272727273
392186,3,51.75,4.70454545454545,3,7,1,0,66.34,6.03090909090909,76,6.90909090909091
392186,7,58,5.27272727272727,3,7,0,1,67.66,6.15090909090909,76,6.90909090909091
392187,2,47.75,4.34090909090909,2,2,1,1,72.67,6.60636363636364,80,7.27272727272727
392187,5,38,3.45454545454545,2,2,0,0,71.66,6.51454545454545,73,6.63636363636364
392188,1,42.5,3.86363636363636,1,1,1,1,63.66,5.78727272727273,75,6.81818181818182
392188,4,48.5,4.40909090909091,1,1,0,0,57.67,5.24272727272727,66,6
392189,1,48.75,4.43181818181818,1,8,1,0,62.67,5.69727272727273,69,6.27272727272727
392189,8,49,4.45454545454545,1,8,0,1,73.33,6.66636363636364,77.5,7.04545454545455
392190,2,45.25,4.11363636363636,3,3,0,0,65.33,5.93909090909091,71,6.45454545454545
392190,3,55.75,5.06818181818182,3,3,1,1,72.33,6.57545454545455,76,6.90909090909091
392191,1,43.75,3.97727272727273,1,1,1,1,70.67,6.42454545454545,76,6.90909090909091
392191,4,55,5,1,1,0,0,62.34,5.66727272727273,68,6.18181818181818
392193,2,55,5,8,8,0,0,65.67,5.97,75,6.81818181818182
392193,8,57.25,5.20454545454545,8,8,1,1,68.66,6.24181818181818,77,7
392194,1,50.5,4.59090909090909,1,1,1,1,64.33,5.84818181818182,75,6.81818181818182
392194,3,55.75,5.06818181818182,1,1,0,0,63.66,5.78727272727273,75,6.81818181818182
392195,1,53,4.81818181818182,1,5,1,0,67.67,6.15181818181818,74,6.72727272727273
392195,5,54.75,4.97727272727273,1,5,0,1,72,6.54545454545455,80.5,7.31818181818182
392196,2,56.5,5.13636363636364,2,4,1,0,63.34,5.75818181818182,71,6.45454545454545
392196,4,52.75,4.79545454545455,2,4,0,1,68.33,6.21181818181818,77,7
392197,7,55,5,8,8,0,0,68.34,6.21272727272727,75,6.81818181818182
392197,8,53,4.81818181818182,8,8,1,1,69.67,6.33363636363636,74,6.72727272727273
392199,1,51.75,4.70454545454545,2,1,0,1,69.33,6.30272727272727,73,6.63636363636364
392199,2,51.75,4.70454545454545,2,1,1,0,66.34,6.03090909090909,72,6.54545454545455
392200,4,46,4.18181818181818,4,4,1,1,73.34,6.66727272727273,74,6.72727272727273
392200,5,45.25,4.11363636363636,4,4,0,0,68.33,6.21181818181818,73.5,6.68181818181818
392201,3,56.25,5.11363636363636,8,8,0,0,63.33,5.75727272727273,72,6.54545454545455
392201,8,52.75,4.79545454545455,8,8,1,1,67.68,6.15272727272727,74,6.72727272727273
392202,1,47.5,4.31818181818182,7,7,0,0,62.66,5.69636363636364,75,6.81818181818182
392202,7,58.25,5.29545454545455,7,7,1,1,71,6.45454545454545,77,7
392203,1,54,4.90909090909091,1,5,1,0,69.33,6.30272727272727,72,6.54545454545455
392203,5,50,4.54545454545455,1,5,0,1,69.33,6.30272727272727,72,6.54545454545455
392204,1,49.25,4.47727272727273,1,2,1,0,68,6.18181818181818,72,6.54545454545455
392204,2,53.25,4.84090909090909,1,2,0,1,68.99,6.27181818181818,74,6.72727272727273
392205,4,43.75,3.97727272727273,4,4,1,1,74.33,6.75727272727273,74,6.72727272727273
392205,7,45.25,4.11363636363636,4,4,0,0,75.33,6.84818181818182,75.5,6.86363636363636
392206,1,53.75,4.88636363636364,1,1,1,1,70.66,6.42363636363636,76,6.90909090909091
392206,8,54.5,4.95454545454545,1,1,0,0,68.67,6.24272727272727,70,6.36363636363636
392207,3,49.5,4.5,5,3,0,1,73,6.63636363636364,78,7.09090909090909
392207,5,51,4.63636363636364,5,3,1,0,67.33,6.12090909090909,73,6.63636363636364
392208,1,46.5,4.22727272727273,7,7,0,0,70.67,6.42454545454545,75,6.81818181818182
392208,7,51.5,4.68181818181818,7,7,1,1,69,6.27272727272727,70.5,6.40909090909091
392209,2,56,5.09090909090909,2,2,1,1,72,6.54545454545455,73,6.63636363636364
392209,4,49.5,4.5,2,2,0,0,71,6.45454545454545,76,6.90909090909091
392210,5,52.25,4.75,8,5,0,1,70,6.36363636363636,73,6.63636363636364
392210,8,49,4.45454545454545,8,5,1,0,68.66,6.24181818181818,75.5,6.86363636363636
392211,1,52,4.72727272727273,1,3,1,0,69.66,6.33272727272727,77,7
392211,3,57.5,5.22727272727273,1,3,0,1,71.33,6.48454545454545,73,6.63636363636364
392212,1,51.5,4.68181818181818,1,4,1,0,69.99,6.36272727272727,74,6.72727272727273
392212,4,51.25,4.65909090909091,1,4,0,1,67.67,6.15181818181818,72,6.54545454545455
392213,2,45,4.09090909090909,7,2,0,1,67.68,6.15272727272727,74,6.72727272727273
392213,7,50.25,4.56818181818182,7,2,1,0,64.99,5.90818181818182,68,6.18181818181818
392214,3,53.25,4.84090909090909,3,3,1,1,71,6.45454545454545,76,6.90909090909091
392214,8,46,4.18181818181818,3,3,0,0,64.66,5.87818181818182,72,6.54545454545455
392215,4,47.75,4.34090909090909,4,5,1,0,60.67,5.51545454545455,74,6.72727272727273
392215,5,59.5,5.40909090909091,4,5,0,1,73.68,6.69818181818182,76,6.90909090909091
392216,1,97.5,8.86363636363636,1,1,1,1,130.33,11.8481818181818,138,12.5454545454545
392217,7,47.5,4.31818181818182,8,8,0,0,69.33,6.30272727272727,72.5,6.59090909090909
392217,8,55.5,5.04545454545455,8,8,1,1,69.33,6.30272727272727,73.5,6.68181818181818
392218,2,46.25,4.20454545454545,5,5,0,0,66,6,69,6.27272727272727
392218,5,46.5,4.22727272727273,5,5,1,1,76.01,6.91,75.5,6.86363636363636
392219,3,52.25,4.75,3,3,1,1,63,5.72727272727273,70,6.36363636363636
392219,4,53.5,4.86363636363636,3,3,0,0,63,5.72727272727273,72,6.54545454545455
392220,1,47,4.27272727272727,7,1,0,1,72.66,6.60545454545455,77,7
392220,7,49,4.45454545454545,7,1,1,0,69.33,6.30272727272727,70.5,6.40909090909091
392221,4,59,5.36363636363636,4,4,1,1,66.01,6.00090909090909,74,6.72727272727273
392221,8,55.75,5.06818181818182,4,4,0,0,66.01,6.00090909090909,75,6.81818181818182
392222,3,47.75,4.34090909090909,5,3,0,1,71.33,6.48454545454545,72.5,6.59090909090909
392222,5,54.75,4.97727272727273,5,3,1,0,68.66,6.24181818181818,69,6.27272727272727
392223,2,50,4.54545454545455,7,7,0,0,67,6.09090909090909,68,6.18181818181818
392223,7,47.5,4.31818181818182,7,7,1,1,70.33,6.39363636363636,74.5,6.77272727272727
392224,1,94.5,8.59090909090909,1,1,1,1,136.34,12.3945454545455,149.5,13.5909090909091
392225,5,45,4.09090909090909,8,8,0,0,65.33,5.93909090909091,74,6.72727272727273
392225,8,58.5,5.31818181818182,8,8,1,1,72,6.54545454545455,73,6.63636363636364
392226,1,53,4.81818181818182,2,2,0,0,65.66,5.96909090909091,72,6.54545454545455
392226,2,52.5,4.77272727272727,2,2,1,1,65,5.90909090909091,71,6.45454545454545
392227,4,44.5,4.04545454545455,4,7,1,0,66.67,6.06090909090909,68,6.18181818181818
392227,7,45,4.09090909090909,4,7,0,1,76.34,6.94,75.5,6.86363636363636
392228,1,54.75,4.97727272727273,8,1,0,1,69.34,6.30363636363636,76.5,6.95454545454545
392228,8,52.5,4.77272727272727,8,1,1,0,67.32,6.12,77,7
392229,2,53.75,4.88636363636364,3,2,0,1,70.34,6.39454545454545,80,7.27272727272727
392229,3,51,4.63636363636364,3,2,1,0,70.66,6.42363636363636,77,7
392230,5,50.75,4.61363636363636,5,5,1,1,70.34,6.39454545454545,74,6.72727272727273
392230,7,47.75,4.34090909090909,5,5,0,0,72.34,6.57636363636364,77,7
392231,1,47.5,4.31818181818182,4,4,0,0,71.66,6.51454545454545,72,6.54545454545455
392231,4,50.25,4.56818181818182,4,4,1,1,72.99,6.63545454545454,78.5,7.13636363636364
392232,3,48.75,4.43181818181818,7,3,0,1,66.68,6.06181818181818,72,6.54545454545455
392232,7,50.25,4.56818181818182,7,3,1,0,69.34,6.30363636363636,68,6.18181818181818
392233,1,53.5,4.86363636363636,8,8,0,0,66.67,6.06090909090909,70,6.36363636363636
392233,8,55.5,5.04545454545455,8,8,1,1,66.67,6.06090909090909,75,6.81818181818182
392234,4,50.5,4.59090909090909,8,4,0,1,72.32,6.57454545454545,70,6.36363636363636
392234,8,52.75,4.79545454545455,8,4,1,0,71.99,6.54454545454545,75.5,6.86363636363636
392235,1,47.25,4.29545454545455,1,1,1,1,72.33,6.57545454545455,76.5,6.95454545454545
392235,5,50.75,4.61363636363636,1,1,0,0,67.99,6.18090909090909,66,6
392236,1,53,4.81818181818182,3,1,0,1,63.66,5.78727272727273,69.5,6.31818181818182
392236,3,57,5.18181818181818,3,1,1,0,62.67,5.69727272727273,67,6.09090909090909
392237,1,51.25,4.65909090909091,1,2,1,0,66,6,70,6.36363636363636
392237,2,50,4.54545454545455,1,2,0,1,69,6.27272727272727,74,6.72727272727273
392238,1,44.25,4.02272727272727,1,1,1,1,70.99,6.45363636363636,74,6.72727272727273
392238,5,46.25,4.20454545454545,1,1,0,0,72.66,6.60545454545455,74,6.72727272727273
392239,3,50.5,4.59090909090909,3,3,1,1,74.34,6.75818181818182,73,6.63636363636364
392239,4,43.5,3.95454545454545,3,3,0,0,72.66,6.60545454545455,74,6.72727272727273
392240,1,58.5,5.31818181818182,1,1,1,1,70.33,6.39363636363636,72,6.54545454545455
392240,7,52.75,4.79545454545455,1,1,0,0,63.33,5.75727272727273,73,6.63636363636364
392241,2,47.75,4.34090909090909,2,2,1,1,68.01,6.18272727272727,74,6.72727272727273
392241,8,55,5,2,2,0,0,65.66,5.96909090909091,73,6.63636363636364
392242,1,50.5,4.59090909090909,8,8,0,0,65.99,5.99909090909091,71,6.45454545454545
392242,8,48,4.36363636363636,8,8,1,1,69.33,6.30272727272727,75.5,6.86363636363636
392243,2,52.5,4.77272727272727,2,2,1,1,67.99,6.18090909090909,74,6.72727272727273
392243,3,53.5,4.86363636363636,2,2,0,0,66.67,6.06090909090909,68,6.18181818181818
392244,2,52.5,4.77272727272727,2,8,1,0,68.68,6.24363636363636,71,6.45454545454545
392244,8,50.5,4.59090909090909,2,8,0,1,71.67,6.51545454545455,77,7
419111,1,50,4.54545454545455,8,1,0,1,71,6.45454545454545,74,6.72727272727273
419111,8,53,4.81818181818182,8,1,1,0,68.67,6.24272727272727,74,6.72727272727273
419112,5,57.25,5.20454545454545,7,7,0,0,63.33,5.75727272727273,72.5,6.59090909090909
419112,7,66.25,6.02272727272727,7,7,1,1,62.33,5.66636363636364,70.5,6.40909090909091
419113,1,48.75,4.43181818181818,1,1,1,1,72.33,6.57545454545455,77.5,7.04545454545455
419113,4,51.5,4.68181818181818,1,1,0,0,66.66,6.06,73.5,6.68181818181818
419114,1,47.25,4.29545454545455,1,1,1,1,70.34,6.39454545454545,74,6.72727272727273
419114,2,49,4.45454545454545,1,1,0,0,68.67,6.24272727272727,70,6.36363636363636
419115,3,58.25,5.29545454545455,8,8,0,0,66.66,6.06,69,6.27272727272727
419115,8,60.75,5.52272727272727,8,8,1,1,69.33,6.30272727272727,74.5,6.77272727272727
419116,1,47.75,4.34090909090909,1,1,1,1,69,6.27272727272727,74,6.72727272727273
419116,5,53.25,4.84090909090909,1,1,0,0,63.33,5.75727272727273,71,6.45454545454545
419117,2,55.5,5.04545454545455,4,2,0,1,63.33,5.75727272727273,71,6.45454545454545
419117,4,55.5,5.04545454545455,4,2,1,0,61.01,5.54636363636364,70,6.36363636363636
419118,1,50.5,4.59090909090909,3,3,0,0,65.67,5.97,66,6
419118,3,51,4.63636363636364,3,3,1,1,75.66,6.87818181818182,76,6.90909090909091
419119,1,53.5,4.86363636363636,1,7,1,0,63,5.72727272727273,71.5,6.5
419119,7,60.25,5.47727272727273,1,7,0,1,69.32,6.30181818181818,72.5,6.59090909090909
419120,2,43.25,3.93181818181818,2,2,1,1,73.67,6.69727272727273,73.5,6.68181818181818
419120,5,43,3.90909090909091,2,2,0,0,62,5.63636363636364,66,6
419121,1,57.5,5.22727272727273,1,3,1,0,65.67,5.97,72,6.54545454545455
419121,3,53.75,4.88636363636364,1,3,0,1,64.66,5.87818181818182,74,6.72727272727273
419122,4,55.75,5.06818181818182,4,8,1,0,65.33,5.93909090909091,74,6.72727272727273
419122,8,61.5,5.59090909090909,4,8,0,1,69.67,6.33363636363636,76,6.90909090909091
419123,1,49.5,4.5,5,5,0,0,64.99,5.90818181818182,77,7
419123,5,56.25,5.11363636363636,5,5,1,1,70,6.36363636363636,68,6.18181818181818
419124,2,51.75,4.70454545454545,7,2,0,1,71.34,6.48545454545455,76,6.90909090909091
419124,7,54,4.90909090909091,7,2,1,0,64.33,5.84818181818182,70.5,6.40909090909091
419125,1,54.75,4.97727272727273,8,8,0,0,66,6,73.5,6.68181818181818
419125,8,60.5,5.5,8,8,1,1,66.32,6.02909090909091,75.5,6.86363636363636
419126,3,49.5,4.5,3,4,1,0,72,6.54545454545455,75,6.81818181818182
419126,4,54.5,4.95454545454545,3,4,0,1,72.33,6.57545454545455,73.5,6.68181818181818
419127,1,46.75,4.25,1,7,1,0,63.66,5.78727272727273,69,6.27272727272727
419127,7,52.5,4.77272727272727,1,7,0,1,66.66,6.06,66,6
419128,2,56,5.09090909090909,3,2,0,1,70,6.36363636363636,74,6.72727272727273
419128,3,52,4.72727272727273,3,2,1,0,67.67,6.15181818181818,69,6.27272727272727
419129,4,56.5,5.13636363636364,4,5,1,0,63.33,5.75727272727273,72.5,6.59090909090909
419129,5,57.25,5.20454545454545,4,5,0,1,69.68,6.33454545454545,79.5,7.22727272727273
419130,3,49.5,4.5,7,7,0,0,63.67,5.78818181818182,70,6.36363636363636
419130,7,53.5,4.86363636363636,7,7,1,1,63.33,5.75727272727273,66,6
419131,5,47.25,4.29545454545455,8,5,0,1,69.01,6.27363636363636,76,6.90909090909091
419131,8,53,4.81818181818182,8,5,1,0,61.33,5.57545454545455,68,6.18181818181818
419132,1,52.25,4.75,1,1,1,1,71.67,6.51545454545455,71,6.45454545454545
419132,4,56.75,5.15909090909091,1,1,0,0,66.67,6.06090909090909,73,6.63636363636364
419133,1,57.5,5.22727272727273,2,1,0,1,67.33,6.12090909090909,74.5,6.77272727272727
419133,2,57.75,5.25,2,1,1,0,63,5.72727272727273,72,6.54545454545455
419134,3,56.25,5.11363636363636,5,5,0,0,65.34,5.94,79,7.18181818181818
419134,5,60.5,5.5,5,5,1,1,67.34,6.12181818181818,71.5,6.5
419135,7,53.5,4.86363636363636,8,7,0,1,71,6.45454545454545,75,6.81818181818182
419135,8,51.75,4.70454545454545,8,7,1,0,68.34,6.21272727272727,74.5,6.77272727272727
419136,1,102.25,9.29545454545454,1,1,1,1,136.67,12.4245454545455,140.5,12.7727272727273
419137,4,55.5,5.04545454545455,7,7,0,0,69.67,6.33363636363636,76,6.90909090909091
419137,7,56.5,5.13636363636364,7,7,1,1,68.67,6.24272727272727,75,6.81818181818182
419138,2,56.5,5.13636363636364,2,3,1,0,66,6,72.5,6.59090909090909
419138,3,49.25,4.47727272727273,2,3,0,1,65.34,5.94,73,6.63636363636364
419139,1,59,5.36363636363636,1,1,1,1,73.33,6.66636363636364,74,6.72727272727273
419139,5,54,4.90909090909091,1,1,0,0,64.68,5.88,72,6.54545454545455
419140,1,55.25,5.02272727272727,1,1,1,1,67.99,6.18090909090909,74,6.72727272727273
419140,8,53.25,4.84090909090909,1,1,0,0,68.67,6.24272727272727,75,6.81818181818182
419141,2,56.75,5.15909090909091,4,2,0,1,66.01,6.00090909090909,73,6.63636363636364
419141,4,57.75,5.25,4,2,1,0,62.34,5.66727272727273,72,6.54545454545455
419142,3,58.25,5.29545454545455,3,3,1,1,64,5.81818181818182,73,6.63636363636364
419142,5,57.75,5.25,3,3,0,0,60.34,5.48545454545455,74.5,6.77272727272727
419143,7,56,5.09090909090909,7,7,1,1,73.01,6.63727272727273,76,6.90909090909091
419143,8,49.5,4.5,7,7,0,0,65.33,5.93909090909091,71,6.45454545454545
419144,1,56.5,5.13636363636364,1,4,1,0,56.66,5.15090909090909,68,6.18181818181818
419144,4,54.5,4.95454545454545,1,4,0,1,63.67,5.78818181818182,68,6.18181818181818
419145,1,56.75,5.15909090909091,1,1,1,1,69.34,6.30363636363636,72,6.54545454545455
419145,2,56.75,5.15909090909091,1,1,0,0,66,6,72,6.54545454545455
419146,5,56.75,5.15909090909091,5,5,1,1,71.34,6.48545454545455,82,7.45454545454545
419146,8,48.5,4.40909090909091,5,5,0,0,69.34,6.30363636363636,79,7.18181818181818
419147,3,53.75,4.88636363636364,3,3,1,1,73,6.63636363636364,75,6.81818181818182
419147,7,47.75,4.34090909090909,3,3,0,0,67.67,6.15181818181818,70,6.36363636363636
419148,4,54.75,4.97727272727273,4,5,1,0,59.66,5.42363636363636,68,6.18181818181818
419148,5,48,4.36363636363636,4,5,0,1,67.34,6.12181818181818,74.5,6.77272727272727
419149,1,106.5,9.68181818181818,1,1,1,1,130.99,11.9081818181818,140.5,12.7727272727273
419150,2,52.75,4.79545454545455,8,8,0,0,63.34,5.75818181818182,70.5,6.40909090909091
419150,8,54,4.90909090909091,8,8,1,1,67,6.09090909090909,74,6.72727272727273
419151,4,57,5.18181818181818,7,4,0,1,68,6.18181818181818,69.5,6.31818181818182
419151,7,55,5,7,4,1,0,67,6.09090909090909,72,6.54545454545455
419152,3,49,4.45454545454545,3,8,1,0,67.33,6.12090909090909,72.5,6.59090909090909
419152,8,50.25,4.56818181818182,3,8,0,1,70.32,6.39272727272727,77,7
419153,1,55.5,5.04545454545455,2,2,0,0,62.33,5.66636363636364,70,6.36363636363636
419153,2,52.25,4.75,2,2,1,1,69.33,6.30272727272727,80,7.27272727272727
419154,1,44.75,4.06818181818182,1,4,1,0,69.33,6.30272727272727,70,6.36363636363636
419154,4,46.25,4.20454545454545,1,4,0,1,73.65,6.69545454545455,75,6.81818181818182
419155,5,53.25,4.84090909090909,5,7,1,0,67.67,6.15181818181818,74,6.72727272727273
419155,7,51.5,4.68181818181818,5,7,0,1,69.33,6.30272727272727,76.5,6.95454545454545
419156,2,47.25,4.29545454545455,2,8,1,0,68.67,6.24272727272727,73.5,6.68181818181818
419156,8,52.5,4.77272727272727,2,8,0,1,70.34,6.39454545454545,75,6.81818181818182
419157,1,52,4.72727272727273,7,7,0,0,63.33,5.75727272727273,71,6.45454545454545
419157,7,57.5,5.22727272727273,7,7,1,1,66.34,6.03090909090909,69.5,6.31818181818182
419158,1,51.75,4.70454545454545,1,3,1,0,61,5.54545454545455,66,6
419158,3,45,4.09090909090909,1,3,0,1,72.33,6.57545454545455,75,6.81818181818182
419159,2,52.75,4.79545454545455,5,2,0,1,70.33,6.39363636363636,75,6.81818181818182
419159,5,51.5,4.68181818181818,5,2,1,0,65.67,5.97,72,6.54545454545455
419160,1,42.5,3.86363636363636,3,1,0,1,74,6.72727272727273,80,7.27272727272727
419160,3,48.25,4.38636363636364,3,1,1,0,72.66,6.60545454545455,72,6.54545454545455
419161,4,49,4.45454545454545,8,8,0,0,65.67,5.97,72,6.54545454545455
419161,8,57.5,5.22727272727273,8,8,1,1,68.67,6.24272727272727,72,6.54545454545455
419162,2,51.5,4.68181818181818,2,7,1,0,65.33,5.93909090909091,68,6.18181818181818
419162,7,59,5.36363636363636,2,7,0,1,70.99,6.45363636363636,79,7.18181818181818
419163,1,44.75,4.06818181818182,5,1,0,1,70.67,6.42454545454545,76.5,6.95454545454545
419163,5,52,4.72727272727273,5,1,1,0,67.34,6.12181818181818,68,6.18181818181818
419164,3,58.5,5.31818181818182,3,3,1,1,59.65,5.42272727272727,68,6.18181818181818
419164,4,54.5,4.95454545454545,3,3,0,0,64.67,5.87909090909091,71,6.45454545454545
419165,1,52.5,4.77272727272727,8,8,0,0,69.34,6.30363636363636,75.5,6.86363636363636
419165,8,55,5,8,8,1,1,69.66,6.33272727272727,71,6.45454545454545
419166,1,46.5,4.22727272727273,7,1,0,1,70.67,6.42454545454545,76.5,6.95454545454545
419166,7,52,4.72727272727273,7,1,1,0,66.01,6.00090909090909,68,6.18181818181818
419167,2,57,5.18181818181818,7,7,0,0,66,6,75,6.81818181818182
419167,7,57.5,5.22727272727273,7,7,1,1,69,6.27272727272727,74.5,6.77272727272727
419168,3,52.5,4.77272727272727,3,3,1,1,75.33,6.84818181818182,78,7.09090909090909
419168,8,48.75,4.43181818181818,3,3,0,0,70.34,6.39454545454545,75.5,6.86363636363636
419169,2,43.75,3.97727272727273,8,2,0,1,77.01,7.00090909090909,75,6.81818181818182
419169,8,43.25,3.93181818181818,8,2,1,0,66,6,66,6
419170,3,59.75,5.43181818181818,3,3,1,1,70.33,6.39363636363636,78,7.09090909090909
419170,7,53.5,4.86363636363636,3,3,0,0,66.66,6.06,74.5,6.77272727272727
501203,1,53.25,4.84090909090909,3,3,0,0,66,6,72,6.54545454545455
501203,3,54.75,4.97727272727273,3,3,1,1,68.67,6.24272727272727,72.5,6.59090909090909
501204,5,49.5,4.5,5,5,1,1,68.66,6.24181818181818,76,6.90909090909091
501204,8,55.25,5.02272727272727,5,5,0,0,65.66,5.96909090909091,68,6.18181818181818
501205,2,54.75,4.97727272727273,9,2,0,1,68.32,6.21090909090909,73,6.63636363636364
501205,9,54.5,4.95454545454545,9,2,1,0,68,6.18181818181818,72,6.54545454545455
501206,1,46.25,4.20454545454545,1,7,1,0,69,6.27272727272727,67,6.09090909090909
501206,7,41.75,3.79545454545455,1,7,0,1,70.67,6.42454545454545,75,6.81818181818182
501207,4,47.5,4.31818181818182,4,10,1,0,64.33,5.84818181818182,71,6.45454545454545
501207,10,51.75,4.70454545454545,4,10,0,1,73.99,6.72636363636364,77.5,7.04545454545455
501208,1,54.25,4.93181818181818,1,1,1,1,70.01,6.36454545454546,73,6.63636363636364
501208,8,59,5.36363636363636,1,1,0,0,66.68,6.06181818181818,70,6.36363636363636
501209,1,52.5,4.77272727272727,1,5,1,0,65.34,5.94,70,6.36363636363636
501209,5,55,5,1,5,0,1,69.66,6.33272727272727,77,7
501210,2,48.25,4.38636363636364,7,7,0,0,64.34,5.84909090909091,66,6
501210,7,46.5,4.22727272727273,7,7,1,1,68,6.18181818181818,68,6.18181818181818
501211,3,50.5,4.59090909090909,4,4,0,0,59.33,5.39363636363636,70.5,6.40909090909091
501211,4,53,4.81818181818182,4,4,1,1,62.67,5.69727272727273,69,6.27272727272727
501212,9,52.25,4.75,9,10,1,0,69.67,6.33363636363636,73,6.63636363636364
501212,10,55.5,5.04545454545455,9,10,0,1,69.99,6.36272727272727,76,6.90909090909091
501213,2,48,4.36363636363636,2,8,1,0,65.67,5.97,74,6.72727272727273
501213,8,56.5,5.13636363636364,2,8,0,1,71,6.45454545454545,74,6.72727272727273
501214,1,44.5,4.04545454545455,1,1,1,1,67.33,6.12090909090909,68,6.18181818181818
501214,5,53,4.81818181818182,1,1,0,0,62.66,5.69636363636364,67,6.09090909090909
501215,7,47.25,4.29545454545455,9,9,0,0,62.01,5.63727272727273,66,6
501215,9,52.5,4.77272727272727,9,9,1,1,64,5.81818181818182,67,6.09090909090909
501216,2,54.75,4.97727272727273,3,3,0,0,61.99,5.63545454545455,75,6.81818181818182
501216,3,56.75,5.15909090909091,3,3,1,1,68.35,6.21363636363636,76,6.90909090909091
501217,4,48.5,4.40909090909091,4,4,1,1,65.99,5.99909090909091,76,6.90909090909091
501217,8,58.75,5.34090909090909,4,4,0,0,64,5.81818181818182,70,6.36363636363636
501218,1,62.75,5.70454545454545,1,1,1,1,65.67,5.97,75,6.81818181818182
501218,10,54.5,4.95454545454545,1,1,0,0,63.66,5.78727272727273,71.5,6.5
501219,1,41.75,3.79545454545455,1,1,1,1,73.34,6.66727272727273,71.5,6.5
501219,5,43.25,3.93181818181818,1,1,0,0,67.66,6.15090909090909,70,6.36363636363636
501220,3,52.5,4.77272727272727,9,9,0,0,63.66,5.78727272727273,71,6.45454545454545
501220,9,54.75,4.97727272727273,9,9,1,1,65.66,5.96909090909091,69,6.27272727272727
501221,1,54.5,4.95454545454545,8,8,0,0,63.99,5.81727272727273,69,6.27272727272727
501221,8,53,4.81818181818182,8,8,1,1,70.99,6.45363636363636,75,6.81818181818182
501223,7,46.75,4.25,10,7,0,1,71.67,6.51545454545455,80,7.27272727272727
501223,10,51.25,4.65909090909091,10,7,1,0,71.67,6.51545454545455,72,6.54545454545455
501224,1,50.5,4.59090909090909,1,9,1,0,71.67,6.51545454545455,70,6.36363636363636
501224,9,53.75,4.88636363636364,1,9,0,1,70.99,6.45363636363636,73.5,6.68181818181818
501225,4,58.75,5.34090909090909,5,4,0,1,69.34,6.30363636363636,73,6.63636363636364
501225,5,58.5,5.31818181818182,5,4,1,0,68.67,6.24272727272727,74,6.72727272727273
501226,3,51.25,4.65909090909091,3,7,1,0,68,6.18181818181818,72,6.54545454545455
501226,7,48,4.36363636363636,3,7,0,1,65.99,5.99909090909091,75,6.81818181818182
501227,1,52.75,4.79545454545455,2,2,0,0,62.33,5.66636363636364,66,6
501227,2,49.25,4.47727272727273,2,2,1,1,65.33,5.93909090909091,74,6.72727272727273
501228,1,59.75,5.43181818181818,4,1,0,1,64.67,5.87909090909091,74,6.72727272727273
501228,4,58.75,5.34090909090909,4,1,1,0,62.01,5.63727272727273,72,6.54545454545455
501229,7,53.75,4.88636363636364,8,7,0,1,69.99,6.36272727272727,72,6.54545454545455
501229,8,51.25,4.65909090909091,8,7,1,0,64.67,5.87909090909091,74,6.72727272727273
501230,5,49,4.45454545454545,5,5,1,1,72,6.54545454545455,75.5,6.86363636363636
501230,9,45,4.09090909090909,5,5,0,0,64.68,5.88,67,6.09090909090909
501231,3,50.5,4.59090909090909,10,3,0,1,72.35,6.57727272727273,71.5,6.5
501231,10,50,4.54545454545455,10,3,1,0,70,6.36363636363636,74.5,6.77272727272727
501232,1,53.5,4.86363636363636,2,2,0,0,70.33,6.39363636363636,75.5,6.86363636363636
501232,2,55,5,2,2,1,1,68.66,6.24181818181818,71,6.45454545454545
501233,3,47.5,4.31818181818182,10,3,0,1,70.67,6.42454545454545,74,6.72727272727273
501233,10,51,4.63636363636364,10,3,1,0,66.99,6.09,70,6.36363636363636
501234,8,44,4,9,8,0,1,73.01,6.63727272727273,74,6.72727272727273
501234,9,41.25,3.75,9,8,1,0,70.67,6.42454545454545,74.5,6.77272727272727
501235,1,105.25,9.56818181818182,1,1,1,1,141.33,12.8481818181818,152,13.8181818181818
501236,5,44,4,5,5,1,1,74.67,6.78818181818182,69.5,6.31818181818182
501236,7,46,4.18181818181818,5,5,0,0,70.67,6.42454545454545,70,6.36363636363636
501237,2,58.75,5.34090909090909,10,2,0,1,69.33,6.30272727272727,75,6.81818181818182
501237,10,52.25,4.75,10,2,1,0,66.34,6.03090909090909,71,6.45454545454545
501238,1,50.5,4.59090909090909,1,1,1,1,71.33,6.48454545454545,76,6.90909090909091
501238,9,51.5,4.68181818181818,1,1,0,0,67.99,6.18090909090909,72,6.54545454545455
501239,1,46,4.18181818181818,1,1,1,1,70.33,6.39363636363636,71,6.45454545454545
501239,4,48.25,4.38636363636364,1,1,0,0,68.99,6.27181818181818,70,6.36363636363636
501240,5,51.25,4.65909090909091,5,5,1,1,68.33,6.21181818181818,76,6.90909090909091
501240,10,53.25,4.84090909090909,5,5,0,0,67,6.09090909090909,70,6.36363636363636
501241,3,55.5,5.04545454545455,3,3,1,1,69.34,6.30363636363636,71,6.45454545454545
501241,8,53.75,4.88636363636364,3,3,0,0,65.66,5.96909090909091,72,6.54545454545455
501242,4,47,4.27272727272727,4,7,1,0,65.99,5.99909090909091,74,6.72727272727273
501242,7,54.25,4.93181818181818,4,7,0,1,68.34,6.21272727272727,75,6.81818181818182
501243,1,52.75,4.79545454545455,9,9,0,0,65.32,5.93818181818182,69,6.27272727272727
501243,9,51.5,4.68181818181818,9,9,1,1,70.66,6.42363636363636,75,6.81818181818182
501244,1,53.75,4.88636363636364,8,1,0,1,68,6.18181818181818,70,6.36363636363636
501244,8,53.5,4.86363636363636,8,1,1,0,68.68,6.24363636363636,72,6.54545454545455
501245,3,44,4,5,3,0,1,69,6.27272727272727,73,6.63636363636364
501245,5,50,4.54545454545455,5,3,1,0,61.99,5.63545454545455,68,6.18181818181818
501246,7,56.5,5.13636363636364,10,7,0,1,72,6.54545454545455,76.5,6.95454545454545
501246,10,48.75,4.43181818181818,10,7,1,0,67.66,6.15090909090909,78,7.09090909090909
501247,1,48.25,4.38636363636364,1,9,1,0,67.67,6.15181818181818,75,6.81818181818182
501247,9,53,4.81818181818182,1,9,0,1,69.67,6.33363636363636,73,6.63636363636364
501248,1,49,4.45454545454545,1,1,1,1,64,5.81818181818182,75,6.81818181818182
501248,8,55.25,5.02272727272727,1,1,0,0,65.33,5.93909090909091,73.5,6.68181818181818
501249,2,59,5.36363636363636,4,2,0,1,71.34,6.48545454545455,73.5,6.68181818181818
501249,4,50,4.54545454545455,4,2,1,0,64,5.81818181818182,70,6.36363636363636
501250,1,42,3.81818181818182,3,1,0,1,69.34,6.30363636363636,71,6.45454545454545
501250,3,42.75,3.88636363636364,3,1,1,0,65.33,5.93909090909091,68,6.18181818181818
501251,1,51.75,4.70454545454545,1,7,1,0,66,6,71,6.45454545454545
501251,7,55.75,5.06818181818182,1,7,0,1,70.66,6.42363636363636,76,6.90909090909091
501252,2,48.25,4.38636363636364,9,2,0,1,73.34,6.66727272727273,77,7
501252,9,50.5,4.59090909090909,9,2,1,0,63.67,5.78818181818182,66,6
501253,4,49.5,4.5,4,10,1,0,70,6.36363636363636,72,6.54545454545455
501253,10,48.25,4.38636363636364,4,10,0,1,70,6.36363636363636,77,7
501254,3,56.25,5.11363636363636,5,3,0,1,72.01,6.54636363636364,77.5,7.04545454545455
501254,5,48.5,4.40909090909091,5,3,1,0,63.34,5.75818181818182,67,6.09090909090909
501255,8,54.75,4.97727272727273,8,10,1,0,68.65,6.24090909090909,68,6.18181818181818
501255,10,52.75,4.79545454545455,8,10,0,1,68,6.18181818181818,76,6.90909090909091
501256,4,58.5,5.31818181818182,7,4,0,1,69,6.27272727272727,76.5,6.95454545454545
501256,7,51.5,4.68181818181818,7,4,1,0,68.67,6.24272727272727,76,6.90909090909091
501257,2,49.5,4.5,2,2,1,1,69.66,6.33272727272727,73.5,6.68181818181818
501257,5,52.25,4.75,2,2,0,0,61.66,5.60545454545455,68,6.18181818181818
501258,1,54,4.90909090909091,3,3,0,0,64.33,5.84818181818182,71,6.45454545454545
501258,3,55,5,3,3,1,1,68.67,6.24272727272727,76,6.90909090909091
501259,4,58.5,5.31818181818182,4,4,1,1,68,6.18181818181818,71.5,6.5
501259,9,51.25,4.65909090909091,4,4,0,0,63.34,5.75818181818182,70,6.36363636363636
501260,1,44.75,4.06818181818182,2,2,0,0,66.34,6.03090909090909,76,6.90909090909091
501260,2,50.75,4.61363636363636,2,2,1,1,66,6,74,6.72727272727273
501261,7,48.25,4.38636363636364,8,8,0,0,70,6.36363636363636,73,6.63636363636364
501261,8,51.25,4.65909090909091,8,8,1,1,73.99,6.72636363636364,75,6.81818181818182
501262,1,58.5,5.31818181818182,1,4,1,0,68.32,6.21090909090909,73,6.63636363636364
501262,4,57,5.18181818181818,1,4,0,1,71.66,6.51454545454545,77,7
501263,5,50,4.54545454545455,9,9,0,0,58,5.27272727272727,68,6.18181818181818
501263,9,51.75,4.70454545454545,9,9,1,1,75,6.81818181818182,74,6.72727272727273
501264,8,52,4.72727272727273,8,8,1,1,71.99,6.54454545454545,73,6.63636363636364
501264,10,56,5.09090909090909,8,8,0,0,69.67,6.33363636363636,68.5,6.22727272727273
501265,2,57,5.18181818181818,4,4,0,0,62.66,5.69636363636364,70,6.36363636363636
501265,4,50.5,4.59090909090909,4,4,1,1,70.67,6.42454545454545,75.5,6.86363636363636
501266,3,56.5,5.13636363636364,3,3,1,1,68.99,6.27181818181818,71,6.45454545454545
501266,9,50.25,4.56818181818182,3,3,0,0,67.66,6.15090909090909,73,6.63636363636364
501267,1,48.25,4.38636363636364,1,1,1,1,74.34,6.75818181818182,74.5,6.77272727272727
501267,10,48.75,4.43181818181818,1,1,0,0,68.66,6.24181818181818,70,6.36363636363636
501268,5,44.75,4.06818181818182,7,5,0,1,68,6.18181818181818,73,6.63636363636364
501268,7,50,4.54545454545455,7,5,1,0,56.65,5.15,66,6
501269,4,49.25,4.47727272727273,4,8,1,0,61.66,5.60545454545455,70,6.36363636363636
501269,8,49,4.45454545454545,4,8,0,1,72.99,6.63545454545454,79.5,7.22727272727273
501270,1,41.5,3.77272727272727,1,0,1,0,55,5,66,6
501270,10,33,3,1,0,0,0,68.33,6.21181818181818,68,6.18181818181818
501271,2,45,4.09090909090909,2,2,1,1,73.32,6.66545454545455,77,7
501271,3,45.25,4.11363636363636,2,2,0,0,67.66,6.15090909090909,69,6.27272727272727
501272,1,59.75,5.43181818181818,7,7,0,0,68.01,6.18272727272727,74,6.72727272727273
501272,7,58,5.27272727272727,7,7,1,1,64.67,5.87909090909091,72.5,6.59090909090909
501273,2,53.75,4.88636363636364,3,3,0,0,65.01,5.91,70,6.36363636363636
501273,3,55.75,5.06818181818182,3,3,1,1,67.34,6.12181818181818,70,6.36363636363636
501274,1,50.25,4.56818181818182,7,7,0,0,67.68,6.15272727272727,74,6.72727272727273
501274,7,53.25,4.84090909090909,7,7,1,1,68,6.18181818181818,73,6.63636363636364
501275,2,49.75,4.52272727272727,7,2,0,1,70.34,6.39454545454545,75,6.81818181818182
501275,7,55.25,5.02272727272727,7,2,1,0,66,6,72,6.54545454545455
501276,2,57,5.18181818181818,3,3,0,0,62.35,5.66818181818182,73,6.63636363636364
501276,3,54,4.90909090909091,3,3,1,1,69.01,6.27363636363636,72,6.54545454545455
548311,3,44.75,4.06818181818182,7,7,0,0,67.33,6.12090909090909,70,6.36363636363636
548311,7,47.75,4.34090909090909,7,7,1,1,71.66,6.51454545454545,79.5,7.22727272727273
548312,1,99.25,9.02272727272727,1,1,1,1,129,11.7272727272727,140.5,12.7727272727273
548313,7,45.25,4.11363636363636,7,10,1,0,69,6.27272727272727,70.5,6.40909090909091
548313,10,49.75,4.52272727272727,7,10,0,1,76,6.90909090909091,73.5,6.68181818181818
548314,4,62.75,5.70454545454545,4,5,1,0,66.66,6.06,68,6.18181818181818
548314,5,53.75,4.88636363636364,4,5,0,1,68,6.18181818181818,77.5,7.04545454545455
548315,1,53.5,4.86363636363636,1,2,1,0,69.33,6.30272727272727,75.5,6.86363636363636
548315,2,54,4.90909090909091,1,2,0,1,70.66,6.42363636363636,76.5,6.95454545454545
548316,3,57.5,5.22727272727273,8,3,0,1,68.99,6.27181818181818,76.5,6.95454545454545
548316,8,53.5,4.86363636363636,8,3,1,0,64.66,5.87818181818182,72,6.54545454545455
548317,1,50.25,4.56818181818182,1,5,1,0,65.34,5.94,70,6.36363636363636
548317,5,57.25,5.20454545454545,1,5,0,1,71.67,6.51545454545455,74,6.72727272727273
548318,4,53.5,4.86363636363636,10,10,0,0,68.66,6.24181818181818,69,6.27272727272727
548318,10,56,5.09090909090909,10,10,1,1,70.67,6.42454545454545,76.5,6.95454545454545
548319,7,50,4.54545454545455,8,7,0,1,70.01,6.36454545454546,77,7
548319,8,53,4.81818181818182,8,7,1,0,68,6.18181818181818,69,6.27272727272727
548320,1,54,4.90909090909091,2,1,0,1,72.99,6.63545454545454,76,6.90909090909091
548320,2,51.75,4.70454545454545,2,1,1,0,68,6.18181818181818,80.5,7.31818181818182
548321,1,49,4.45454545454545,1,1,1,1,71.67,6.51545454545455,76,6.90909090909091
548321,3,48.5,4.40909090909091,1,1,0,0,61.66,5.60545454545455,69,6.27272727272727
548322,5,55.5,5.04545454545455,5,7,1,0,64.67,5.87909090909091,72,6.54545454545455
548322,7,61.25,5.56818181818182,5,7,0,1,66,6,79,7.18181818181818
548323,2,59.25,5.38636363636364,2,3,1,0,63.33,5.75727272727273,72,6.54545454545455
548323,3,64.5,5.86363636363636,2,3,0,1,65.66,5.96909090909091,77,7
548324,4,47,4.27272727272727,4,4,1,1,71.66,6.51454545454545,75.5,6.86363636363636
548324,10,50.25,4.56818181818182,4,4,0,0,69.34,6.30363636363636,69,6.27272727272727
548325,1,54.5,4.95454545454545,5,1,0,1,69.67,6.33363636363636,73.5,6.68181818181818
548325,5,50.25,4.56818181818182,5,1,1,0,70.34,6.39454545454545,72,6.54545454545455
548326,1,50.75,4.61363636363636,8,1,0,1,67.99,6.18090909090909,78,7.09090909090909
548326,8,54.25,4.93181818181818,8,1,1,0,65.67,5.97,75,6.81818181818182
548327,3,53.5,4.86363636363636,3,10,1,0,63,5.72727272727273,68,6.18181818181818
548327,10,50.25,4.56818181818182,3,10,0,1,67.34,6.12181818181818,74,6.72727272727273
548328,1,51.75,4.70454545454545,1,4,1,0,70,6.36363636363636,77,7
548328,4,53,4.81818181818182,1,4,0,1,70,6.36363636363636,68,6.18181818181818
548329,2,54,4.90909090909091,5,5,0,0,63,5.72727272727273,69,6.27272727272727
548329,5,49.25,4.47727272727273,5,5,1,1,70.67,6.42454545454545,73,6.63636363636364
548330,1,44.5,4.04545454545455,1,1,1,1,74.99,6.81727272727273,76,6.90909090909091
548330,7,42.25,3.84090909090909,1,1,0,0,68,6.18181818181818,72,6.54545454545455
548331,5,62.5,5.68181818181818,8,5,0,1,62.67,5.69727272727273,70,6.36363636363636
548331,8,54,4.90909090909091,8,5,1,0,62.67,5.69727272727273,74,6.72727272727273
548332,2,53.75,4.88636363636364,10,2,0,1,63.01,5.72818181818182,74.5,6.77272727272727
548332,10,57,5.18181818181818,10,2,1,0,66.99,6.09,72,6.54545454545455
548333,1,46.75,4.25,4,1,0,1,70.33,6.39363636363636,76,6.90909090909091
548333,4,45.5,4.13636363636364,4,1,1,0,63.67,5.78818181818182,68,6.18181818181818
548334,1,48.5,4.40909090909091,8,1,0,1,63.34,5.75818181818182,72.5,6.59090909090909
548334,8,53.75,4.88636363636364,8,1,1,0,60,5.45454545454545,68,6.18181818181818
548335,3,53.5,4.86363636363636,10,3,0,1,71.34,6.48545454545455,77,7
548335,10,54.25,4.93181818181818,10,3,1,0,66.33,6.03,74,6.72727272727273
548336,2,48.25,4.38636363636364,2,2,1,1,66.99,6.09,72,6.54545454545455
548336,4,56.5,5.13636363636364,2,2,0,0,66.32,6.02909090909091,72,6.54545454545455
548337,3,50.75,4.61363636363636,5,3,0,1,70.02,6.36545454545455,74,6.72727272727273
548337,5,50.5,4.59090909090909,5,3,1,0,65.66,5.96909090909091,70.5,6.40909090909091
548338,1,60.5,5.5,1,10,1,0,65.01,5.91,70,6.36363636363636
548338,10,54.75,4.97727272727273,1,10,0,1,66.66,6.06,74,6.72727272727273
548339,4,54.25,4.93181818181818,7,4,0,1,63,5.72727272727273,75.5,6.86363636363636
548339,7,52.25,4.75,7,4,1,0,62,5.63636363636364,72,6.54545454545455
548340,1,51.25,4.65909090909091,1,1,1,1,68.66,6.24181818181818,76,6.90909090909091
548340,8,51.75,4.70454545454545,1,1,0,0,73.01,6.63727272727273,70,6.36363636363636
548341,2,50,4.54545454545455,5,2,0,1,69.34,6.30363636363636,76,6.90909090909091
548341,5,51.25,4.65909090909091,5,2,1,0,65.01,5.91,69,6.27272727272727
548342,1,47.5,4.31818181818182,10,1,0,1,66,6,68,6.18181818181818
548342,10,43.75,3.97727272727273,10,1,1,0,61,5.54545454545455,69,6.27272727272727
548344,4,53.25,4.84090909090909,4,7,1,0,66.01,6.00090909090909,76,6.90909090909091
548344,7,56.25,5.11363636363636,4,7,0,1,67.33,6.12090909090909,72,6.54545454545455
548346,8,54.75,4.97727272727273,8,8,1,1,69.67,6.33363636363636,71,6.45454545454545
548346,10,60.25,5.47727272727273,8,8,0,0,63.67,5.78818181818182,70.5,6.40909090909091
548347,1,56.5,5.13636363636364,7,1,0,1,67.66,6.15090909090909,75.5,6.86363636363636
548347,7,61,5.54545454545455,7,1,1,0,63.67,5.78818181818182,70,6.36363636363636
548348,3,57.5,5.22727272727273,4,4,0,0,68.66,6.24181818181818,75.5,6.86363636363636
548348,4,58,5.27272727272727,4,4,1,1,69.67,6.33363636363636,73.5,6.68181818181818
548349,1,53.5,4.86363636363636,1,1,1,1,70.34,6.39454545454545,74,6.72727272727273
548349,2,47.25,4.29545454545455,1,1,0,0,64,5.81818181818182,72,6.54545454545455
548350,1,53.25,4.84090909090909,1,1,1,1,64.67,5.87909090909091,69,6.27272727272727
548350,5,47.25,4.29545454545455,1,1,0,0,68.33,6.21181818181818,75,6.81818181818182
548351,7,43.5,3.95454545454545,7,7,1,1,75,6.81818181818182,80,7.27272727272727
548351,8,47,4.27272727272727,7,7,0,0,72.33,6.57545454545455,73,6.63636363636364
548352,1,49.25,4.47727272727273,3,1,0,1,70,6.36363636363636,75,6.81818181818182
548352,3,48.5,4.40909090909091,3,1,1,0,69.68,6.33454545454545,74,6.72727272727273
548353,8,49.5,4.5,8,8,1,1,66.34,6.03090909090909,72,6.54545454545455
548353,10,56.25,5.11363636363636,8,8,0,0,64.33,5.84818181818182,68,6.18181818181818
548354,1,51.25,4.65909090909091,5,1,0,1,68,6.18181818181818,73,6.63636363636364
548354,5,47,4.27272727272727,5,1,1,0,61.34,5.57636363636364,72,6.54545454545455
548355,2,50.5,4.59090909090909,4,4,0,0,64.32,5.84727272727273,71,6.45454545454545
548355,4,52.5,4.77272727272727,4,4,1,1,64.66,5.87818181818182,70,6.36363636363636
548356,7,48.25,4.38636363636364,7,7,1,1,72.66,6.60545454545455,70,6.36363636363636
548356,10,48.75,4.43181818181818,7,7,0,0,70.67,6.42454545454545,76.5,6.95454545454545
548357,3,56,5.09090909090909,3,3,1,1,66.33,6.03,70,6.36363636363636
548357,8,49,4.45454545454545,3,3,0,0,68.66,6.24181818181818,74,6.72727272727273
548358,1,47,4.27272727272727,1,1,1,1,69,6.27272727272727,74.5,6.77272727272727
548358,10,53.5,4.86363636363636,1,1,0,0,69.33,6.30272727272727,72,6.54545454545455
548359,4,52.5,4.77272727272727,5,5,0,0,65.67,5.97,77,7
548359,5,57.75,5.25,5,5,1,1,72.34,6.57636363636364,72,6.54545454545455
548360,3,59,5.36363636363636,7,7,0,0,66.67,6.06090909090909,70.5,6.40909090909091
548360,7,54,4.90909090909091,7,7,1,1,67.67,6.15181818181818,74.5,6.77272727272727
548361,2,59,5.36363636363636,2,2,1,1,64.01,5.81909090909091,67,6.09090909090909
548361,8,53.75,4.88636363636364,2,2,0,0,64,5.81818181818182,69,6.27272727272727
548362,1,105,9.54545454545454,1,1,1,1,135.34,12.3036363636364,147,13.3636363636364
548363,5,44,4,10,5,0,1,69.67,6.33363636363636,71,6.45454545454545
548363,10,48.75,4.43181818181818,10,5,1,0,64,5.81818181818182,72,6.54545454545455
548364,4,56,5.09090909090909,8,4,0,1,69.33,6.30272727272727,76,6.90909090909091
548364,8,55.75,5.06818181818182,8,4,1,0,66.67,6.06090909090909,69,6.27272727272727
548365,2,46.25,4.20454545454545,2,2,1,1,68.67,6.24272727272727,74,6.72727272727273
548365,7,52,4.72727272727273,2,2,0,0,63.67,5.78818181818182,66,6
548366,3,53.75,4.88636363636364,3,3,1,1,71.99,6.54454545454545,73,6.63636363636364
548366,5,51.5,4.68181818181818,3,3,0,0,69.33,6.30272727272727,74,6.72727272727273
548367,2,52.75,4.79545454545455,10,2,0,1,70.34,6.39454545454545,71.5,6.5
548367,10,53.75,4.88636363636364,10,2,1,0,66.34,6.03090909090909,71,6.45454545454545
548368,1,50.25,4.56818181818182,7,7,0,0,62,5.63636363636364,67,6.09090909090909
548368,7,46.25,4.20454545454545,7,7,1,1,66.67,6.06090909090909,70,6.36363636363636
548369,1,45,4.09090909090909,3,3,0,0,64.67,5.87909090909091,68,6.18181818181818
548369,3,47.25,4.29545454545455,3,3,1,1,68.99,6.27181818181818,74,6.72727272727273
548370,5,54.25,4.93181818181818,5,5,1,1,71.34,6.48545454545455,74.5,6.77272727272727
548370,10,49,4.45454545454545,5,5,0,0,65,5.90909090909091,70,6.36363636363636
548371,4,62.75,5.70454545454545,8,4,0,1,63.01,5.72818181818182,74,6.72727272727273
548371,8,52.5,4.77272727272727,8,4,1,0,64.33,5.84818181818182,75.5,6.86363636363636
548372,2,53.25,4.84090909090909,7,7,0,0,65.33,5.93909090909091,73,6.63636363636364
548372,7,52,4.72727272727273,7,7,1,1,68.67,6.24272727272727,70,6.36363636363636
548373,1,56.25,5.11363636363636,3,3,0,0,65.67,5.97,71,6.45454545454545
548373,3,55.75,5.06818181818182,3,3,1,1,66.67,6.06090909090909,74,6.72727272727273
548374,1,52.75,4.79545454545455,4,1,0,1,69.67,6.33363636363636,76.5,6.95454545454545
548374,4,56,5.09090909090909,4,1,1,0,67.33,6.12090909090909,73,6.63636363636364
548375,1,53.25,4.84090909090909,7,1,0,1,73.66,6.69636363636364,76.5,6.95454545454545
548375,7,50,4.54545454545455,7,1,1,0,72,6.54545454545455,71,6.45454545454545
548376,3,51.25,4.65909090909091,4,4,0,0,68,6.18181818181818,70,6.36363636363636
548376,4,48,4.36363636363636,4,4,1,1,71.67,6.51545454545455,75,6.81818181818182
548377,1,65,5.90909090909091,1,2,1,0,59.66,5.42363636363636,68,6.18181818181818
548377,2,48.75,4.43181818181818,1,2,0,1,64.33,5.84818181818182,82,7.45454545454545
548378,5,49.25,4.47727272727273,5,8,1,0,70.34,6.39454545454545,73,6.63636363636364
548378,8,51.5,4.68181818181818,5,8,0,1,71.01,6.45545454545455,72,6.54545454545455
548379,1,48.25,4.38636363636364,1,1,1,1,70.66,6.42363636363636,76,6.90909090909091
548379,4,54.25,4.93181818181818,1,1,0,0,68.67,6.24272727272727,74,6.72727272727273
548380,1,49,4.45454545454545,1,1,1,1,74.01,6.72818181818182,71.5,6.5
548380,10,40.5,3.68181818181818,1,1,0,0,68.67,6.24272727272727,70,6.36363636363636
548381,2,48.75,4.43181818181818,2,8,1,0,72,6.54545454545455,74,6.72727272727273
548381,8,45.5,4.13636363636364,2,8,0,1,72.34,6.57636363636364,74,6.72727272727273
548382,5,57.25,5.20454545454545,5,7,1,0,62,5.63636363636364,66,6
548382,7,44,4,5,7,0,1,69.99,6.36272727272727,73,6.63636363636364
548383,1,112.25,10.2045454545455,1,1,1,1,137.66,12.5145454545455,147.5,13.4090909090909
548384,3,55.25,5.02272727272727,7,3,0,1,72.01,6.54636363636364,77.5,7.04545454545455
548384,7,61.25,5.56818181818182,7,3,1,0,66,6,72,6.54545454545455
548385,1,53.25,4.84090909090909,1,3,1,0,63.34,5.75818181818182,72,6.54545454545455
548385,3,57.75,5.25,1,3,0,1,68.33,6.21181818181818,77,7
548386,1,52,4.72727272727273,3,1,0,1,61.67,5.60636363636364,70,6.36363636363636
548386,3,53.5,4.86363636363636,3,1,1,0,62.67,5.69727272727273,73,6.63636363636364
598003,1,96.75,8.79545454545454,1,1,1,1,142.33,12.9390909090909,149,13.5454545454545
598004,2,48.25,4.38636363636364,7,2,0,1,67,6.09090909090909,70,6.36363636363636
598004,7,55.25,5.02272727272727,7,2,1,0,70.66,6.42363636363636,70,6.36363636363636
598005,0,52.5,4.77272727272727,10,0,0,1,72,6.54545454545455,75.5,6.86363636363636
598005,10,49.25,4.47727272727273,10,0,1,0,70.99,6.45363636363636,72,6.54545454545455
598006,1,50.5,4.59090909090909,5,5,0,0,65.66,5.96909090909091,74,6.72727272727273
598006,5,52.25,4.75,5,5,1,1,67.01,6.09181818181818,70.5,6.40909090909091
598007,3,52.5,4.77272727272727,7,7,0,0,71,6.45454545454545,74,6.72727272727273
598007,7,49.25,4.47727272727273,7,7,1,1,71.67,6.51545454545455,73,6.63636363636364
598008,4,47.5,4.31818181818182,10,4,0,1,72.67,6.60636363636364,74,6.72727272727273
598008,10,48.5,4.40909090909091,10,4,1,0,64,5.81818181818182,68,6.18181818181818
598009,0,50.75,4.61363636363636,2,0,0,1,72.67,6.60636363636364,76,6.90909090909091
598009,2,51.5,4.68181818181818,2,0,1,0,68.34,6.21272727272727,76,6.90909090909091
598010,1,50.25,4.56818181818182,1,5,1,0,69.99,6.36272727272727,71.5,6.5
598010,5,52.75,4.79545454545455,1,5,0,1,73,6.63636363636364,77,7
598011,1,52.25,4.75,7,7,0,0,62.67,5.69727272727273,72.5,6.59090909090909
598011,7,56.5,5.13636363636364,7,7,1,1,68.68,6.24363636363636,78.5,7.13636363636364
598012,3,43.5,3.95454545454545,3,3,1,1,70.66,6.42363636363636,82,7.45454545454545
598012,4,53,4.81818181818182,3,3,0,0,62.99,5.72636363636364,66,6
598013,1,56.75,5.15909090909091,2,2,0,0,65.68,5.97090909090909,70,6.36363636363636
598013,2,49.5,4.5,2,2,1,1,68.34,6.21272727272727,75,6.81818181818182
598014,5,51.75,4.70454545454545,5,10,1,0,66.34,6.03090909090909,70,6.36363636363636
598014,10,51.75,4.70454545454545,5,10,0,1,68,6.18181818181818,74,6.72727272727273
598015,0,52,4.72727272727273,1,0,0,1,71.99,6.54454545454545,79,7.18181818181818
598015,1,48.75,4.43181818181818,1,0,1,0,71.33,6.48454545454545,73,6.63636363636364
598016,7,56,5.09090909090909,7,7,1,1,72,6.54545454545455,75,6.81818181818182
598016,10,53.25,4.84090909090909,7,7,0,0,64.99,5.90818181818182,70,6.36363636363636
598017,2,50.25,4.56818181818182,3,3,0,0,66.99,6.09,74,6.72727272727273
598017,3,56.25,5.11363636363636,3,3,1,1,68,6.18181818181818,74,6.72727272727273
598018,0,47.25,4.29545454545455,1,1,0,0,64.67,5.87909090909091,70,6.36363636363636
598018,1,54.75,4.97727272727273,1,1,1,1,69.34,6.30363636363636,72,6.54545454545455
598019,4,50.25,4.56818181818182,5,5,0,0,69.33,6.30272727272727,71,6.45454545454545
598019,5,48,4.36363636363636,5,5,1,1,72.01,6.54636363636364,79,7.18181818181818
598020,3,53.75,4.88636363636364,10,10,0,0,67.33,6.12090909090909,72,6.54545454545455
598020,10,49.25,4.47727272727273,10,10,1,1,68.65,6.24090909090909,78,7.09090909090909
598021,1,48.75,4.43181818181818,1,4,1,0,68.67,6.24272727272727,71,6.45454545454545
598021,4,55,5,1,4,0,1,69.66,6.33272727272727,75.5,6.86363636363636
598022,1,58.5,5.31818181818182,2,2,0,0,67.34,6.12181818181818,75,6.81818181818182
598022,2,55,5,2,2,1,1,68.32,6.21090909090909,73.5,6.68181818181818
598023,0,50,4.54545454545455,10,0,0,1,72.66,6.60545454545455,76,6.90909090909091
598023,10,50.75,4.61363636363636,10,0,1,0,70.68,6.42545454545455,74.5,6.77272727272727
598024,5,53.5,4.86363636363636,5,5,1,1,74,6.72727272727273,75,6.81818181818182
598024,7,44.5,4.04545454545455,5,5,0,0,64.66,5.87818181818182,71,6.45454545454545
598025,1,41.75,3.79545454545455,3,3,0,0,65.01,5.91,70.5,6.40909090909091
598025,3,52.75,4.79545454545455,3,3,1,1,74.99,6.81727272727273,74.5,6.77272727272727
598026,0,50,4.54545454545455,4,0,0,1,72.33,6.57545454545455,78,7.09090909090909
598026,4,52.5,4.77272727272727,4,0,1,0,68.67,6.24272727272727,70,6.36363636363636
598027,1,50.5,4.59090909090909,1,3,1,0,71,6.45454545454545,73,6.63636363636364
598027,3,49.5,4.5,1,3,0,1,72.66,6.60545454545455,75,6.81818181818182
598028,2,46,4.18181818181818,2,2,1,1,72,6.54545454545455,79,7.18181818181818
598028,5,50,4.54545454545455,2,2,0,0,69.67,6.33363636363636,70,6.36363636363636
598029,1,46.75,4.25,7,1,0,1,65.33,5.93909090909091,72.5,6.59090909090909
598029,7,50.25,4.56818181818182,7,1,1,0,60.33,5.48454545454545,66,6
598030,4,50.75,4.61363636363636,4,4,1,1,64.67,5.87909090909091,74,6.72727272727273
598030,10,55.25,5.02272727272727,4,4,0,0,62.67,5.69727272727273,68,6.18181818181818
598031,3,52,4.72727272727273,5,3,0,1,63.99,5.81727272727273,70,6.36363636363636
598031,5,51.25,4.65909090909091,5,3,1,0,62.66,5.69636363636364,69,6.27272727272727
598032,2,52.75,4.79545454545455,10,2,0,1,73.34,6.66727272727273,78.5,7.13636363636364
598032,10,55.5,5.04545454545455,10,2,1,0,62.66,5.69636363636364,74,6.72727272727273
598033,1,55.25,5.02272727272727,1,4,1,0,65.99,5.99909090909091,72,6.54545454545455
598033,4,55,5,1,4,0,1,69.34,6.30363636363636,75,6.81818181818182
598034,1,56.5,5.13636363636364,1,7,1,0,65.33,5.93909090909091,68,6.18181818181818
598034,7,54.75,4.97727272727273,1,7,0,1,68.67,6.24272727272727,72,6.54545454545455
598035,0,53,4.81818181818182,0,3,1,0,66.67,6.06090909090909,74.5,6.77272727272727
598035,3,51.25,4.65909090909091,0,3,0,1,67.66,6.15090909090909,75,6.81818181818182
598036,1,51.25,4.65909090909091,4,1,0,1,68,6.18181818181818,74,6.72727272727273
598036,4,56.75,5.15909090909091,4,1,1,0,67.66,6.15090909090909,71,6.45454545454545
598037,0,52.25,4.75,0,5,1,0,64.32,5.84727272727273,70,6.36363636363636
598037,5,45.75,4.15909090909091,0,5,0,1,72.67,6.60636363636364,79,7.18181818181818
598038,2,52.25,4.75,7,7,0,0,64.33,5.84818181818182,72.5,6.59090909090909
598038,7,63.5,5.77272727272727,7,7,1,1,70,6.36363636363636,76.5,6.95454545454545
598039,1,51.5,4.68181818181818,1,3,1,0,60.34,5.48545454545455,70.5,6.40909090909091
598039,3,55.5,5.04545454545455,1,3,0,1,65.66,5.96909090909091,69,6.27272727272727
598040,1,56.75,5.15909090909091,10,1,0,1,68,6.18181818181818,74,6.72727272727273
598040,10,53.5,4.86363636363636,10,1,1,0,69.33,6.30272727272727,74,6.72727272727273
598041,2,57.5,5.22727272727273,5,5,0,0,65.33,5.93909090909091,73,6.63636363636364
598041,5,57.5,5.22727272727273,5,5,1,1,66.32,6.02909090909091,72.5,6.59090909090909
598042,4,56,5.09090909090909,7,7,0,0,65.68,5.97090909090909,68,6.18181818181818
598042,7,53.25,4.84090909090909,7,7,1,1,69.34,6.30363636363636,81,7.36363636363636
598043,3,51,4.63636363636364,3,3,1,1,70.99,6.45363636363636,74,6.72727272727273
598043,10,53,4.81818181818182,3,3,0,0,64.67,5.87909090909091,68,6.18181818181818
598044,0,47,4.27272727272727,7,0,0,1,69,6.27272727272727,70,6.36363636363636
598044,7,48.75,4.43181818181818,7,0,1,0,67.34,6.12181818181818,70,6.36363636363636
598045,1,106,9.63636363636364,1,1,1,1,135.66,12.3327272727273,148.5,13.5
598046,3,55.5,5.04545454545455,3,3,1,1,63.34,5.75818181818182,72,6.54545454545455
598046,4,52.5,4.77272727272727,3,3,0,0,61.66,5.60545454545455,72,6.54545454545455
598047,2,57,5.18181818181818,2,2,1,1,68.66,6.24181818181818,78,7.09090909090909
598047,10,56,5.09090909090909,2,2,0,0,63.33,5.75727272727273,70,6.36363636363636
598048,1,49,4.45454545454545,5,1,0,1,70.67,6.42454545454545,71,6.45454545454545
598048,5,51.75,4.70454545454545,5,1,1,0,66,6,69,6.27272727272727
598049,0,44.25,4.02272727272727,1,0,0,1,76.33,6.93909090909091,71.5,6.5
598049,1,40.25,3.65909090909091,1,0,1,0,68.67,6.24272727272727,70.5,6.40909090909091
598050,2,52.75,4.79545454545455,4,4,0,0,62.99,5.72636363636364,68,6.18181818181818
598050,4,52,4.72727272727273,4,4,1,1,66.34,6.03090909090909,70,6.36363636363636
598051,3,43.25,3.93181818181818,7,7,0,0,70.33,6.39363636363636,69,6.27272727272727
598051,7,54,4.90909090909091,7,7,1,1,73.01,6.63727272727273,76,6.90909090909091
598052,5,56.5,5.13636363636364,10,5,0,1,66.67,6.06090909090909,71,6.45454545454545
598052,10,55.75,5.06818181818182,10,5,1,0,64,5.81818181818182,74,6.72727272727273
598053,0,55.75,5.06818181818182,0,2,1,0,64,5.81818181818182,72,6.54545454545455
598053,2,50.25,4.56818181818182,0,2,0,1,67.33,6.12090909090909,72,6.54545454545455
598054,1,51.75,4.70454545454545,1,5,1,0,62.33,5.66636363636364,68,6.18181818181818
598054,5,48,4.36363636363636,1,5,0,1,69.01,6.27363636363636,72,6.54545454545455
598055,1,46.75,4.25,7,7,0,0,67.34,6.12181818181818,74,6.72727272727273
598055,7,56.25,5.11363636363636,7,7,1,1,73.33,6.66636363636364,75,6.81818181818182
598056,0,54.25,4.93181818181818,0,3,1,0,61.67,5.60636363636364,70,6.36363636363636
598056,3,57.5,5.22727272727273,0,3,0,1,71.34,6.48545454545455,78,7.09090909090909
598057,4,46.5,4.22727272727273,5,5,0,0,63.67,5.78818181818182,66,6
598057,5,49,4.45454545454545,5,5,1,1,69.33,6.30272727272727,70,6.36363636363636
598058,1,54.75,4.97727272727273,1,1,1,1,73.66,6.69636363636364,75,6.81818181818182
598058,10,44,4,1,1,0,0,69.33,6.30272727272727,75.5,6.86363636363636
598059,1,64,5.81818181818182,1,2,1,0,64.66,5.87818181818182,67,6.09090909090909
598059,2,53,4.81818181818182,1,2,0,1,66.67,6.06090909090909,71,6.45454545454545
598060,7,51.75,4.70454545454545,10,7,0,1,71.33,6.48454545454545,75,6.81818181818182
598060,10,46.5,4.22727272727273,10,7,1,0,71.33,6.48454545454545,73,6.63636363636364
598061,0,54,4.90909090909091,4,0,0,1,73.33,6.66636363636364,76,6.90909090909091
598061,4,47.75,4.34090909090909,4,0,1,0,68.66,6.24181818181818,71,6.45454545454545
598062,1,48.25,4.38636363636364,1,1,1,1,73.33,6.66636363636364,73.5,6.68181818181818
598062,2,49.5,4.5,1,1,0,0,71,6.45454545454545,73,6.63636363636364
598063,3,47.75,4.34090909090909,5,5,0,0,67.33,6.12090909090909,71,6.45454545454545
598063,5,49.25,4.47727272727273,5,5,1,1,69,6.27272727272727,71,6.45454545454545
598064,1,48.5,4.40909090909091,4,4,0,0,67.67,6.15181818181818,70,6.36363636363636
598064,4,53.5,4.86363636363636,4,4,1,1,71.99,6.54454545454545,76,6.90909090909091
598065,0,54.25,4.93181818181818,0,7,1,0,65.67,5.97,69,6.27272727272727
598065,7,55.5,5.04545454545455,0,7,0,1,62.34,5.66727272727273,72,6.54545454545455
598066,1,52.75,4.79545454545455,1,10,1,0,64.01,5.81909090909091,69,6.27272727272727
598066,10,52.75,4.79545454545455,1,10,0,1,66.68,6.06181818181818,72,6.54545454545455
598067,1,49.75,4.52272727272727,3,3,0,0,65.67,5.97,71,6.45454545454545
598067,3,54.25,4.93181818181818,3,3,1,1,71.33,6.48454545454545,79,7.18181818181818
598068,5,54.25,4.93181818181818,5,7,1,0,67.34,6.12181818181818,75.5,6.86363636363636
598068,7,59.25,5.38636363636364,5,7,0,1,71.66,6.51454545454545,76,6.90909090909091
598069,2,57.25,5.20454545454545,4,4,0,0,62.67,5.69727272727273,72,6.54545454545455
598069,4,54.5,4.95454545454545,4,4,1,1,65,5.90909090909091,68,6.18181818181818
598070,0,46.25,4.20454545454545,0,0,1,1,72.33,6.57545454545455,77,7
598070,5,50.25,4.56818181818182,0,0,0,0,71.34,6.48545454545455,77.5,7.04545454545455
598071,4,52.5,4.77272727272727,7,4,0,1,72.99,6.63545454545454,74,6.72727272727273
598071,7,54.5,4.95454545454545,7,4,1,0,68.01,6.18272727272727,71,6.45454545454545
598072,1,51,4.63636363636364,10,10,0,0,66.65,6.05909090909091,72,6.54545454545455
598072,10,56.5,5.13636363636364,10,10,1,1,72.33,6.57545454545455,79,7.18181818181818
598073,2,51.5,4.68181818181818,3,2,0,1,59.33,5.39363636363636,76,6.90909090909091
598073,3,50.25,4.56818181818182,3,2,1,0,56.67,5.15181818181818,70,6.36363636363636
598074,0,48.75,4.43181818181818,1,0,0,1,72,6.54545454545455,74,6.72727272727273
598074,1,46.5,4.22727272727273,1,0,1,0,67.33,6.12090909090909,69,6.27272727272727
598075,3,48.75,4.43181818181818,3,3,1,1,69.67,6.33363636363636,80,7.27272727272727
598075,7,50.75,4.61363636363636,3,3,0,0,58.33,5.30272727272727,68,6.18181818181818
598076,0,54,4.90909090909091,0,5,1,0,69.67,6.33363636363636,70,6.36363636363636
598076,5,52.25,4.75,0,5,0,1,71.01,6.45545454545455,76,6.90909090909091
598077,5,56.75,5.15909090909091,5,7,1,0,67.67,6.15181818181818,73,6.63636363636364
598077,7,60,5.45454545454545,5,7,0,1,69.34,6.30363636363636,74,6.72727272727273
598078,3,46,4.18181818181818,7,7,0,0,70,6.36363636363636,72,6.54545454545455
598078,7,54.5,4.95454545454545,7,7,1,1,75.66,6.87818181818182,77,7
729284,1,49.75,4.52272727272727,1,1,1,1,71,6.45454545454545,69.5,6.31818181818182
729284,7,46.25,4.20454545454545,1,1,0,0,65.33,5.93909090909091,71,6.45454545454545
729286,1,45.75,4.15909090909091,2,2,0,0,63.67,5.78818181818182,68,6.18181818181818
729286,2,50.5,4.59090909090909,2,2,1,1,68.67,6.24272727272727,71,6.45454545454545
729288,3,57,5.18181818181818,3,4,1,0,61,5.54545454545455,66,6
729288,4,56.5,5.13636363636364,3,4,0,1,63.33,5.75727272727273,74,6.72727272727273
729290,0,46.75,4.25,5,5,0,0,70,6.36363636363636,75,6.81818181818182
729290,5,50,4.54545454545455,5,5,1,1,71,6.45454545454545,76,6.90909090909091
729292,2,45,4.09090909090909,2,2,1,1,73.67,6.69727272727273,79,7.18181818181818
729292,7,46.75,4.25,2,2,0,0,65.99,5.99909090909091,68,6.18181818181818
729294,1,104.75,9.52272727272727,1,1,1,1,132,12,144,13.0909090909091
729296,4,49.25,4.47727272727273,4,4,1,1,65.67,5.97,69,6.27272727272727
729296,5,62.75,5.70454545454545,4,4,0,0,63.01,5.72818181818182,72,6.54545454545455
729298,1,45,4.09090909090909,3,3,0,0,66,6,74,6.72727272727273
729298,3,59.25,5.38636363636364,3,3,1,1,73.01,6.63727272727273,77,7
729300,0,50.5,4.59090909090909,0,4,1,0,66.01,6.00090909090909,74,6.72727272727273
729300,4,54.25,4.93181818181818,0,4,0,1,71.67,6.51545454545455,77,7
729302,3,46.75,4.25,5,3,0,1,71.67,6.51545454545455,78.5,7.13636363636364
729302,5,56,5.09090909090909,5,3,1,0,71.01,6.45545454545455,77,7
729304,1,52.5,4.77272727272727,2,1,0,1,68.34,6.21272727272727,71,6.45454545454545
729304,2,52,4.72727272727273,2,1,1,0,67.67,6.15181818181818,77,7
729306,0,50.5,4.59090909090909,0,0,1,1,63.67,5.78818181818182,74,6.72727272727273
729306,1,58.75,5.34090909090909,0,0,0,0,61.67,5.60636363636364,68,6.18181818181818
729308,3,47.75,4.34090909090909,7,3,0,1,64.67,5.87909090909091,74,6.72727272727273
729308,7,54.5,4.95454545454545,7,3,1,0,65.33,5.93909090909091,69.5,6.31818181818182
729310,2,42.75,3.88636363636364,5,5,0,0,68,6.18181818181818,72,6.54545454545455
729310,5,42.25,3.84090909090909,5,5,1,1,73.67,6.69727272727273,77,7
729312,1,45.5,4.13636363636364,1,4,1,0,70.99,6.45363636363636,71,6.45454545454545
729312,4,54,4.90909090909091,1,4,0,1,73.33,6.66636363636364,74,6.72727272727273
729314,1,48.5,4.40909090909091,7,1,0,1,71,6.45454545454545,73,6.63636363636364
729314,7,50.5,4.59090909090909,7,1,1,0,68.67,6.24272727272727,70,6.36363636363636
729316,0,49.5,4.5,0,3,1,0,67,6.09090909090909,72,6.54545454545455
729316,3,49.5,4.5,0,3,0,1,68.33,6.21181818181818,72,6.54545454545455
729318,2,51.5,4.68181818181818,4,4,0,0,68.66,6.24181818181818,73,6.63636363636364
729318,4,50.25,4.56818181818182,4,4,1,1,71.67,6.51545454545455,73,6.63636363636364
729320,1,54.5,4.95454545454545,5,5,0,0,68.34,6.21272727272727,71,6.45454545454545
729320,5,53.25,4.84090909090909,5,5,1,1,71.34,6.48545454545455,75,6.81818181818182
729322,0,56,5.09090909090909,7,0,0,1,69.65,6.33181818181818,73,6.63636363636364
729322,7,50.75,4.61363636363636,7,0,1,0,65.34,5.94,75,6.81818181818182
733976,1,47.25,4.29545454545455,3,3,0,0,63.33,5.75727272727273,70,6.36363636363636
733976,3,55.25,5.02272727272727,3,3,1,1,68.33,6.21181818181818,76.5,6.95454545454545
733978,4,54.75,4.97727272727273,4,7,1,0,66.34,6.03090909090909,71,6.45454545454545
733978,7,61.75,5.61363636363636,4,7,0,1,67.66,6.15090909090909,74,6.72727272727273
733980,1,53.5,4.86363636363636,5,5,0,0,64.67,5.87909090909091,69,6.27272727272727
733980,5,52.5,4.77272727272727,5,5,1,1,67.66,6.15090909090909,74,6.72727272727273
733982,0,57.25,5.20454545454545,2,2,0,0,66.99,6.09,71,6.45454545454545
733982,2,48.75,4.43181818181818,2,2,1,1,69.33,6.30272727272727,75,6.81818181818182
733984,1,48.75,4.43181818181818,1,5,1,0,65.66,5.96909090909091,75,6.81818181818182
733984,5,59.25,5.38636363636364,1,5,0,1,66.66,6.06,70.5,6.40909090909091
733986,1,58,5.27272727272727,3,3,0,0,65.33,5.93909090909091,69,6.27272727272727
733986,3,52.75,4.79545454545455,3,3,1,1,67.67,6.15181818181818,73,6.63636363636364
733988,2,60.5,5.5,2,7,1,0,67.99,6.18090909090909,72.5,6.59090909090909
733988,7,55.75,5.06818181818182,2,7,0,1,68.01,6.18272727272727,72.5,6.59090909090909
733990,1,108,9.81818181818182,1,1,1,1,128.32,11.6654545454545,141,12.8181818181818
733992,3,62.5,5.68181818181818,3,4,1,0,61.67,5.60636363636364,70,6.36363636363636
733992,4,60.25,5.47727272727273,3,4,0,1,62.99,5.72636363636364,74.5,6.77272727272727
733994,0,50,4.54545454545455,5,0,0,1,73.99,6.72636363636364,78.5,7.13636363636364
733994,5,45.75,4.15909090909091,5,0,1,0,70.99,6.45363636363636,72,6.54545454545455
733996,2,61.25,5.56818181818182,2,4,1,0,68.66,6.24181818181818,78,7.09090909090909
733996,4,63,5.72727272727273,2,4,0,1,70,6.36363636363636,80,7.27272727272727
733998,0,40,3.63636363636364,0,0,1,1,69.66,6.33272727272727,77,7
733998,1,50.75,4.61363636363636,0,0,0,0,60.01,5.45545454545455,68,6.18181818181818
734000,3,56.5,5.13636363636364,3,3,1,1,67.99,6.18090909090909,76,6.90909090909091
734000,7,54.75,4.97727272727273,3,3,0,0,67.34,6.12181818181818,70,6.36363636363636
734002,1,47.75,4.34090909090909,1,1,1,1,69,6.27272727272727,71.5,6.5
734002,4,52.5,4.77272727272727,1,1,0,0,62.33,5.66636363636364,68,6.18181818181818
734004,2,55.25,5.02272727272727,2,5,1,0,63.01,5.72818181818182,68,6.18181818181818
734004,5,58.25,5.29545454545455,2,5,0,1,66.33,6.03,74,6.72727272727273
734006,0,51.25,4.65909090909091,0,7,1,0,64,5.81818181818182,68,6.18181818181818
734006,7,49,4.45454545454545,0,7,0,1,67.33,6.12090909090909,69,6.27272727272727
734008,3,53.25,4.84090909090909,5,3,0,1,71.34,6.48545454545455,72,6.54545454545455
734008,5,52,4.72727272727273,5,3,1,0,67.66,6.15090909090909,72,6.54545454545455
734010,1,56,5.09090909090909,1,2,1,0,64.99,5.90818181818182,69,6.27272727272727
734010,2,55.25,5.02272727272727,1,2,0,1,66.66,6.06,71.5,6.5
734012,0,54.75,4.97727272727273,4,4,0,0,62.67,5.69727272727273,70,6.36363636363636
734012,4,63.25,5.75,4,4,1,1,65.33,5.93909090909091,72,6.54545454545455
734014,1,47.75,4.34090909090909,1,1,1,1,69.33,6.30272727272727,71,6.45454545454545
734014,7,50.5,4.59090909090909,1,1,0,0,67.67,6.15181818181818,68,6.18181818181818
734016,1,51.25,4.65909090909091,1,5,1,0,63.34,5.75818181818182,71.5,6.5
734016,5,59.5,5.40909090909091,1,5,0,1,74,6.72727272727273,73.5,6.68181818181818
734018,2,53.25,4.84090909090909,3,2,0,1,68.67,6.24272727272727,73,6.63636363636364
734018,3,49.5,4.5,3,2,1,0,70.67,6.42454545454545,73,6.63636363636364
734020,0,53.5,4.86363636363636,0,1,1,0,66.32,6.02909090909091,70.5,6.40909090909091
734020,1,52.75,4.79545454545455,0,1,0,1,72.33,6.57545454545455,75.5,6.86363636363636
734022,5,53,4.81818181818182,7,7,0,0,63.66,5.78727272727273,70,6.36363636363636
734022,7,52.5,4.77272727272727,7,7,1,1,70,6.36363636363636,79,7.18181818181818
734024,1,54.25,4.93181818181818,4,4,0,0,68.66,6.24181818181818,74,6.72727272727273
734024,4,56,5.09090909090909,4,4,1,1,66.67,6.06090909090909,74,6.72727272727273
734026,0,53.25,4.84090909090909,2,0,0,1,69.66,6.33272727272727,72,6.54545454545455
734026,2,56.25,5.11363636363636,2,0,1,0,65.67,5.97,69.5,6.31818181818182
734028,1,49.75,4.52272727272727,1,1,1,1,66,6,71,6.45454545454545
734028,3,53.75,4.88636363636364,1,1,0,0,61.68,5.60727272727273,68,6.18181818181818
734030,4,58.25,5.29545454545455,7,7,0,0,65.32,5.93818181818182,70,6.36363636363636
734030,7,45.25,4.11363636363636,7,7,1,1,69.67,6.33363636363636,73.5,6.68181818181818
734032,1,56.75,5.15909090909091,2,1,0,1,65.33,5.93909090909091,70,6.36363636363636
734032,2,58,5.27272727272727,2,1,1,0,63.67,5.78818181818182,71,6.45454545454545
734034,0,52.75,4.79545454545455,0,0,1,1,62.33,5.66636363636364,69,6.27272727272727
734034,3,55.25,5.02272727272727,0,0,0,0,61.32,5.57454545454545,71,6.45454545454545
734036,1,51.5,4.68181818181818,1,7,1,0,65.34,5.94,77.5,7.04545454545455
734036,7,58.25,5.29545454545455,1,7,0,1,68.68,6.24363636363636,69,6.27272727272727
734038,4,59.5,5.40909090909091,5,4,0,1,69,6.27272727272727,74.5,6.77272727272727
734038,5,58.25,5.29545454545455,5,4,1,0,65.67,5.97,72,6.54545454545455
734040,2,52.75,4.79545454545455,3,3,0,0,61.99,5.63545454545455,69,6.27272727272727
734040,3,53.5,4.86363636363636,3,3,1,1,69.65,6.33181818181818,68,6.18181818181818
734042,0,59.25,5.38636363636364,1,1,0,0,59.66,5.42363636363636,74,6.72727272727273
734042,1,54.5,4.95454545454545,1,1,1,1,70.67,6.42454545454545,71,6.45454545454545
734044,1,47,4.27272727272727,4,4,0,0,65.67,5.97,70,6.36363636363636
734044,4,46.75,4.25,4,4,1,1,71.67,6.51545454545455,79.5,7.22727272727273
734046,5,56,5.09090909090909,7,7,0,0,59.66,5.42363636363636,72.5,6.59090909090909
734046,7,62.75,5.70454545454545,7,7,1,1,64.34,5.84909090909091,74,6.72727272727273
734048,1,61.25,5.56818181818182,4,1,0,1,70.33,6.39363636363636,75,6.81818181818182
734048,4,52,4.72727272727273,4,1,1,0,66.66,6.06,75,6.81818181818182
734050,3,56.5,5.13636363636364,3,3,1,1,66.33,6.03,78,7.09090909090909
734050,7,60.25,5.47727272727273,3,3,0,0,63.66,5.78727272727273,69,6.27272727272727
734052,3,51.75,4.70454545454545,3,4,1,0,62.99,5.72636363636364,74,6.72727272727273
734052,4,57,5.18181818181818,3,4,0,1,67,6.09090909090909,74.5,6.77272727272727
734054,1,61.25,5.56818181818182,1,1,1,1,64,5.81818181818182,70,6.36363636363636
734054,4,47.25,4.29545454545455,1,1,0,0,63,5.72727272727273,77.5,7.04545454545455
829710,1,53.5,4.86363636363636,1,1,1,1,66.33,6.03,71,6.45454545454545
829710,7,49,4.45454545454545,1,1,0,0,63.34,5.75818181818182,72,6.54545454545455
829712,1,54.75,4.97727272727273,1,3,1,0,71.33,6.48454545454545,75,6.81818181818182
829712,3,55.75,5.06818181818182,1,3,0,1,70.33,6.39363636363636,78.5,7.13636363636364
829714,4,55.25,5.02272727272727,4,5,1,0,69.34,6.30363636363636,74,6.72727272727273
829714,5,51,4.63636363636364,4,5,0,1,72.33,6.57545454545455,76,6.90909090909091
829716,0,54.75,4.97727272727273,3,3,0,0,64.01,5.81909090909091,70.5,6.40909090909091
829716,3,53.75,4.88636363636364,3,3,1,1,66.32,6.02909090909091,74,6.72727272727273
829718,1,56.5,5.13636363636364,2,2,0,0,65.99,5.99909090909091,71,6.45454545454545
829718,2,55.5,5.04545454545455,2,2,1,1,66.33,6.03,74.5,6.77272727272727
829720,1,57.75,5.25,5,5,0,0,63.33,5.75727272727273,73,6.63636363636364
829720,5,64,5.81818181818182,5,5,1,1,64.68,5.88,70,6.36363636363636
829722,4,58,5.27272727272727,7,4,0,1,69.67,6.33363636363636,74.5,6.77272727272727
829722,7,51.25,4.65909090909091,7,4,1,0,65.67,5.97,76,6.90909090909091
829724,0,50.75,4.61363636363636,0,0,1,1,70.67,6.42454545454545,77,7
829724,2,60,5.45454545454545,0,0,0,0,61,5.54545454545455,67,6.09090909090909
829726,5,50.75,4.61363636363636,7,5,0,1,70,6.36363636363636,72,6.54545454545455
829726,7,53.5,4.86363636363636,7,5,1,0,64.01,5.81909090909091,70,6.36363636363636
829728,1,47.75,4.34090909090909,1,1,1,1,72.01,6.54636363636364,74.5,6.77272727272727
829728,3,57.5,5.22727272727273,1,1,0,0,65.67,5.97,72,6.54545454545455
829730,1,52.75,4.79545454545455,4,1,0,1,69.01,6.27363636363636,76,6.90909090909091
829730,4,56.25,5.11363636363636,4,1,1,0,67.33,6.12090909090909,72,6.54545454545455
829732,0,52.5,4.77272727272727,5,5,0,0,70.67,6.42454545454545,70,6.36363636363636
829732,5,48,4.36363636363636,5,5,1,1,72,6.54545454545455,69,6.27272727272727
829734,3,58,5.27272727272727,7,3,0,1,67.33,6.12090909090909,76,6.90909090909091
829734,7,56,5.09090909090909,7,3,1,0,62.34,5.66727272727273,70,6.36363636363636
829736,0,60.5,5.5,1,1,0,0,66.99,6.09,71,6.45454545454545
829736,1,51.25,4.65909090909091,1,1,1,1,68,6.18181818181818,73,6.63636363636364
829738,1,59.25,5.38636363636364,1,1,1,1,68.99,6.27181818181818,81,7.36363636363636
829738,4,52.75,4.79545454545455,1,1,0,0,64.33,5.84818181818182,71,6.45454545454545
829740,3,51.25,4.65909090909091,3,5,1,0,61.33,5.57545454545455,66,6
829740,5,46.5,4.22727272727273,3,5,0,1,68.34,6.21272727272727,72,6.54545454545455
829742,2,63.25,5.75,2,7,1,0,66.34,6.03090909090909,74,6.72727272727273
829742,7,59.25,5.38636363636364,2,7,0,1,68.34,6.21272727272727,73,6.63636363636364
829744,1,108,9.81818181818182,1,1,1,1,134.68,12.2436363636364,147.5,13.4090909090909
829746,4,60.25,5.47727272727273,4,4,1,1,67,6.09090909090909,73.5,6.68181818181818
829746,5,62.75,5.70454545454545,4,4,0,0,62.34,5.66727272727273,73.5,6.68181818181818
829748,0,51.25,4.65909090909091,1,0,0,1,64.67,5.87909090909091,72,6.54545454545455
829748,1,48.25,4.38636363636364,1,0,1,0,64.66,5.87818181818182,71,6.45454545454545
829750,2,59.5,5.40909090909091,2,3,1,0,68.68,6.24363636363636,78,7.09090909090909
829750,3,60.5,5.5,2,3,0,1,67.68,6.15272727272727,76.5,6.95454545454545
829752,1,51,4.63636363636364,7,1,0,1,72.34,6.57636363636364,78.5,7.13636363636364
829752,7,56.25,5.11363636363636,7,1,1,0,64.67,5.87909090909091,72,6.54545454545455
829754,2,46.75,4.25,2,2,1,1,71.33,6.48454545454545,74,6.72727272727273
829754,5,52.25,4.75,2,2,0,0,60.33,5.48454545454545,68,6.18181818181818
829756,0,53,4.81818181818182,7,7,0,0,68.67,6.24272727272727,77,7
829756,7,57.25,5.20454545454545,7,7,1,1,70.34,6.39454545454545,76,6.90909090909091
829758,3,58,5.27272727272727,3,3,1,1,74.66,6.78727272727273,80.5,7.31818181818182
829758,4,42.5,3.86363636363636,3,3,0,0,63.66,5.78727272727273,69,6.27272727272727
829762,1,42.5,3.86363636363636,2,2,0,0,60,5.45454545454545,66,6
829762,2,45,4.09090909090909,2,2,1,1,74.34,6.75818181818182,74,6.72727272727273
829764,0,52.5,4.77272727272727,4,0,0,1,70.34,6.39454545454545,75,6.81818181818182
829764,4,49.25,4.47727272727273,4,0,1,0,68.67,6.24272727272727,75,6.81818181818182
829766,1,121.75,11.0681818181818,1,1,1,1,136.33,12.3936363636364,148,13.4545454545455
829768,2,63,5.72727272727273,5,0,0,0,55,5,66,6
829768,5,33,3,5,0,1,0,65.67,5.97,74,6.72727272727273
829770,1,51.5,4.68181818181818,1,3,1,0,70.99,6.45363636363636,72,6.54545454545455
829770,3,52.25,4.75,1,3,0,1,72.34,6.57636363636364,76.5,6.95454545454545
829772,1,46,4.18181818181818,1,1,1,1,71.99,6.54454545454545,76,6.90909090909091
829772,4,49.25,4.47727272727273,1,1,0,0,60.99,5.54454545454545,68,6.18181818181818
829774,5,57.25,5.20454545454545,5,7,1,0,65,5.90909090909091,72,6.54545454545455
829774,7,59.75,5.43181818181818,5,7,0,1,65.32,5.93818181818182,77,7
829776,1,53.75,4.88636363636364,2,2,0,0,58.34,5.30363636363636,70,6.36363636363636
829776,2,51,4.63636363636364,2,2,1,1,60.67,5.51545454545455,72.5,6.59090909090909
829778,0,63.5,5.77272727272727,3,0,0,1,65.33,5.93909090909091,71,6.45454545454545
829778,3,62.75,5.70454545454545,3,0,1,0,65.34,5.94,73,6.63636363636364
829780,4,53,4.81818181818182,7,7,0,0,65.66,5.96909090909091,72,6.54545454545455
829780,7,52,4.72727272727273,7,7,1,1,69.67,6.33363636363636,77,7
829782,1,59.75,5.43181818181818,1,5,1,0,63.67,5.78818181818182,70,6.36363636363636
829782,5,51.25,4.65909090909091,1,5,0,1,69.33,6.30272727272727,76,6.90909090909091
829784,2,51.25,4.65909090909091,3,3,0,0,70.33,6.39363636363636,75,6.81818181818182
829784,3,53.75,4.88636363636364,3,3,1,1,71.33,6.48454545454545,79.5,7.22727272727273
829786,0,54,4.90909090909091,0,1,1,0,67.01,6.09181818181818,74,6.72727272727273
829786,1,60.25,5.47727272727273,0,1,0,1,72.01,6.54636363636364,76,6.90909090909091
829788,1,56.25,5.11363636363636,1,7,1,0,68,6.18181818181818,70,6.36363636363636
829788,7,53.25,4.84090909090909,1,7,0,1,68.34,6.21272727272727,74.5,6.77272727272727
829790,2,56.5,5.13636363636364,4,2,0,1,70.67,6.42454545454545,70,6.36363636363636
829790,4,43.5,3.95454545454545,4,2,1,0,62,5.63636363636364,66,6
829792,0,58,5.27272727272727,5,0,0,1,65.99,5.99909090909091,75,6.81818181818182
829792,5,60.75,5.52272727272727,5,0,1,0,64.33,5.84818181818182,70,6.36363636363636
829794,3,56.5,5.13636363636364,3,7,1,0,64.66,5.87818181818182,73,6.63636363636364
829794,7,54.25,4.93181818181818,3,7,0,1,68,6.18181818181818,73,6.63636363636364
829796,1,64,5.81818181818182,4,1,0,1,66.01,6.00090909090909,68,6.18181818181818
829796,4,57.75,5.25,4,1,1,0,69,6.27272727272727,76.5,6.95454545454545
829798,0,54.25,4.93181818181818,0,0,1,1,68.33,6.21181818181818,69,6.27272727272727
829798,1,49.75,4.52272727272727,0,0,0,0,65.33,5.93909090909091,74,6.72727272727273
829800,2,49.75,4.52272727272727,2,2,1,1,64.33,5.84818181818182,77,7
829800,7,64,5.81818181818182,2,2,0,0,59,5.36363636363636,68,6.18181818181818
829802,3,51.75,4.70454545454545,3,3,1,1,67.67,6.15181818181818,80,7.27272727272727
829802,5,56.75,5.15909090909091,3,3,0,0,67,6.09090909090909,74,6.72727272727273
829804,0,59.5,5.40909090909091,0,0,1,1,67.33,6.12090909090909,79,7.18181818181818
829804,4,55,5,0,0,0,0,64.33,5.84818181818182,74,6.72727272727273
829806,1,46.5,4.22727272727273,3,1,0,1,71.33,6.48454545454545,72,6.54545454545455
829806,3,49.5,4.5,3,1,1,0,66.67,6.06090909090909,72,6.54545454545455
829808,2,48.25,4.38636363636364,2,4,1,0,61,5.54545454545455,73.5,6.68181818181818
829808,4,55.5,5.04545454545455,2,4,0,1,62.33,5.66636363636364,74,6.72727272727273
829810,1,59.25,5.38636363636364,1,7,1,0,67,6.09090909090909,71,6.45454545454545
829810,7,53.25,4.84090909090909,1,7,0,1,69.33,6.30272727272727,76,6.90909090909091
829812,0,50,4.54545454545455,0,2,1,0,57,5.18181818181818,73,6.63636363636364
829812,2,46.75,4.25,0,2,0,1,58,5.27272727272727,72,6.54545454545455
829814,3,49.25,4.47727272727273,4,3,0,1,73.66,6.69636363636364,75.5,6.86363636363636
829814,4,54,4.90909090909091,4,3,1,0,67,6.09090909090909,68,6.18181818181818
829816,1,61.75,5.61363636363636,5,5,0,0,62.66,5.69636363636364,76,6.90909090909091
829816,5,55.75,5.06818181818182,5,5,1,1,69,6.27272727272727,81,7.36363636363636
829818,1,55.25,5.02272727272727,2,0,0,0,58.34,5.30363636363636,66,6
829818,2,33,3,2,0,1,0,63.32,5.75636363636364,75,6.81818181818182
829820,0,48.5,4.40909090909091,0,7,1,0,64.68,5.88,68,6.18181818181818
829820,7,45.25,4.11363636363636,0,7,0,1,73.67,6.69727272727273,79.5,7.22727272727273
829822,3,60.25,5.47727272727273,7,7,0,0,66,6,75,6.81818181818182
829822,7,60,5.45454545454545,7,7,1,1,68.67,6.24272727272727,77,7
829824,2,54.5,4.95454545454545,2,2,1,1,72.67,6.60636363636364,77.5,7.04545454545455
829824,5,49.5,4.5,2,2,0,0,65.01,5.91,69,6.27272727272727
829826,2,54.25,4.93181818181818,3,3,0,0,69.67,6.33363636363636,75,6.81818181818182
829826,3,51,4.63636363636364,3,3,1,1,72,6.54545454545455,76,6.90909090909091
829828,3,57,5.18181818181818,3,7,1,0,63.33,5.75727272727273,72,6.54545454545455
829828,7,59,5.36363636363636,3,7,0,1,68.67,6.24272727272727,76,6.90909090909091
980906,7,49.5,4.5,7,12,1,0,64.34,5.84909090909091,66,6
980906,12,47.75,4.34090909090909,7,12,0,1,74.34,6.75818181818182,76,6.90909090909091
980908,1,93.75,8.52272727272727,1,1,1,1,140.98,12.8163636363636,145.5,13.2272727272727
980910,4,56,5.09090909090909,13,13,0,0,64.01,5.81909090909091,72,6.54545454545455
980910,13,52.25,4.75,13,13,1,1,65.99,5.99909090909091,72,6.54545454545455
980912,0,59,5.36363636363636,0,2,1,0,61.66,5.60545454545455,70,6.36363636363636
980912,2,59,5.36363636363636,0,2,0,1,67,6.09090909090909,73,6.63636363636364
980914,1,56.75,5.15909090909091,7,7,0,0,63.67,5.78818181818182,73,6.63636363636364
980914,7,55.25,5.02272727272727,7,7,1,1,64.67,5.87909090909091,71,6.45454545454545
980916,12,52.75,4.79545454545455,12,13,1,0,63.01,5.72818181818182,71,6.45454545454545
980916,13,52.5,4.77272727272727,12,13,0,1,65.66,5.96909090909091,69,6.27272727272727
980918,1,45.25,4.11363636363636,1,1,1,1,73.01,6.63727272727273,75,6.81818181818182
980918,4,50.75,4.61363636363636,1,1,0,0,63.66,5.78727272727273,68,6.18181818181818
980920,0,51,4.63636363636364,0,1,1,0,65,5.90909090909091,66,6
980920,1,45,4.09090909090909,0,1,0,1,69.66,6.33272727272727,76.5,6.95454545454545
980922,7,53.25,4.84090909090909,13,13,0,0,70.33,6.39363636363636,75,6.81818181818182
980922,13,53,4.81818181818182,13,13,1,1,72.67,6.60636363636364,76,6.90909090909091
980924,4,50.75,4.61363636363636,12,4,0,1,69.01,6.27363636363636,74.5,6.77272727272727
980924,12,48.75,4.43181818181818,12,4,1,0,65,5.90909090909091,70,6.36363636363636
980926,1,47.25,4.29545454545455,1,1,1,1,63.34,5.75818181818182,74.5,6.77272727272727
980926,2,53.25,4.84090909090909,1,1,0,0,62,5.63636363636364,72,6.54545454545455
980928,0,48.25,4.38636363636364,0,0,1,1,69.01,6.27363636363636,71.5,6.5
980928,7,48.5,4.40909090909091,0,0,0,0,63.99,5.81727272727273,70,6.36363636363636
980930,1,53,4.81818181818182,1,1,1,1,70.65,6.42272727272727,77,7
980930,4,49,4.45454545454545,1,1,0,0,64.01,5.81909090909091,70,6.36363636363636
980932,2,57.25,5.20454545454545,7,7,0,0,63.66,5.78727272727273,73,6.63636363636364
980932,7,56,5.09090909090909,7,7,1,1,67.01,6.09181818181818,77,7
980934,0,42.75,3.88636363636364,0,0,1,1,69.66,6.33272727272727,77,7
980934,13,45,4.09090909090909,0,0,0,0,60.67,5.51545454545455,66,6
980936,2,49.25,4.47727272727273,12,2,0,1,67,6.09090909090909,78,7.09090909090909
980936,12,55.25,5.02272727272727,12,2,1,0,63.66,5.78727272727273,72,6.54545454545455
980938,1,52.75,4.79545454545455,7,1,0,1,65.67,5.97,71,6.45454545454545
980938,7,52.75,4.79545454545455,7,1,1,0,68.34,6.21272727272727,73,6.63636363636364
980940,0,52.25,4.75,0,0,1,1,67.34,6.12181818181818,74,6.72727272727273
980940,4,52.5,4.77272727272727,0,0,0,0,66,6,73,6.63636363636364
980942,2,50,4.54545454545455,2,13,1,0,64.66,5.87818181818182,72,6.54545454545455
980942,13,57.5,5.22727272727273,2,13,0,1,61.34,5.57636363636364,70,6.36363636363636
980944,1,58,5.27272727272727,1,1,1,1,66.67,6.06090909090909,67,6.09090909090909
980944,12,54.25,4.93181818181818,1,1,0,0,68,6.18181818181818,71,6.45454545454545
980946,4,52,4.72727272727273,4,7,1,0,64.01,5.81909090909091,76,6.90909090909091
980946,7,55,5,4,7,0,1,64.99,5.90818181818182,71,6.45454545454545
980948,0,45.75,4.15909090909091,12,12,0,0,63.33,5.75727272727273,72,6.54545454545455
980948,12,44.75,4.06818181818182,12,12,1,1,72,6.54545454545455,76.5,6.95454545454545
980950,1,50.25,4.56818181818182,1,13,1,0,66.33,6.03,73,6.63636363636364
980950,13,54.25,4.93181818181818,1,13,0,1,63.67,5.78818181818182,74,6.72727272727273
980952,1,59.5,5.40909090909091,7,7,0,0,63.67,5.78818181818182,72,6.54545454545455
980952,7,55,5,7,7,1,1,64.01,5.81909090909091,71,6.45454545454545
980954,12,51,4.63636363636364,13,13,0,0,62.66,5.69636363636364,73.5,6.68181818181818
980954,13,58,5.27272727272727,13,13,1,1,58.33,5.30272727272727,68,6.18181818181818
980956,1,108.25,9.84090909090909,1,1,1,1,132,12,148,13.4545454545455
980958,0,54,4.90909090909091,2,0,0,1,63.67,5.78818181818182,77,7
980958,2,57.5,5.22727272727273,2,0,1,0,62.66,5.69636363636364,72,6.54545454545455
980960,4,52.25,4.75,13,4,0,1,71.67,6.51545454545455,75,6.81818181818182
980960,13,53.25,4.84090909090909,13,4,1,0,68.66,6.24181818181818,77.5,7.04545454545455
980962,7,51.75,4.70454545454545,7,7,1,1,68.32,6.21090909090909,76,6.90909090909091
980962,12,52.5,4.77272727272727,7,7,0,0,63.66,5.78727272727273,70,6.36363636363636
980964,1,57,5.18181818181818,1,1,1,1,65.66,5.96909090909091,74.5,6.77272727272727
980964,2,59,5.36363636363636,1,1,0,0,66.66,6.06,72,6.54545454545455
980966,1,51.75,4.70454545454545,1,1,1,1,69.67,6.33363636363636,72,6.54545454545455
980966,13,53.25,4.84090909090909,1,1,0,0,63,5.72727272727273,70,6.36363636363636
980968,1,50.5,4.59090909090909,4,1,0,1,69.66,6.33272727272727,72,6.54545454545455
980968,4,54.25,4.93181818181818,4,1,1,0,62.67,5.69727272727273,69,6.27272727272727
980970,1,57.25,5.20454545454545,12,12,0,0,63.33,5.75727272727273,70,6.36363636363636
980970,12,53.25,4.84090909090909,12,12,1,1,66.67,6.06090909090909,74.5,6.77272727272727
980972,0,50.75,4.61363636363636,0,0,1,1,71.66,6.51454545454545,74,6.72727272727273
980972,13,50.25,4.56818181818182,0,0,0,0,69.66,6.33272727272727,75,6.81818181818182
980974,2,50.25,4.56818181818182,2,2,1,1,63.66,5.78727272727273,73,6.63636363636364
980974,12,59.5,5.40909090909091,2,2,0,0,62.32,5.66545454545455,70,6.36363636363636
980976,1,55.75,5.06818181818182,1,4,1,0,63.66,5.78727272727273,73,6.63636363636364
980976,4,58,5.27272727272727,1,4,0,1,65.34,5.94,76,6.90909090909091
980978,0,49.5,4.5,7,0,0,1,73,6.63636363636364,78,7.09090909090909
980978,7,48.75,4.43181818181818,7,0,1,0,65.01,5.91,70,6.36363636363636
980980,1,48.5,4.40909090909091,13,13,0,0,64.67,5.87909090909091,71.5,6.5
980980,13,57.5,5.22727272727273,13,13,1,1,65.67,5.97,71,6.45454545454545
980982,2,53.75,4.88636363636364,4,2,0,1,63.67,5.78818181818182,71.5,6.5
980982,4,52,4.72727272727273,4,2,1,0,65.01,5.91,72,6.54545454545455
980984,0,55,5,0,0,1,1,69,6.27272727272727,78,7.09090909090909
980984,12,51.75,4.70454545454545,0,0,0,0,69.34,6.30363636363636,75.5,6.86363636363636
980986,2,52.5,4.77272727272727,7,7,0,0,67.67,6.15181818181818,73,6.63636363636364
980986,7,52.5,4.77272727272727,7,7,1,1,67.65,6.15,72.5,6.59090909090909
980988,0,53.5,4.86363636363636,1,1,0,0,66,6,70,6.36363636363636
980988,1,54,4.90909090909091,1,1,1,1,70,6.36363636363636,72,6.54545454545455
980990,4,45.75,4.15909090909091,7,4,0,1,72.34,6.57636363636364,76,6.90909090909091
980990,7,53,4.81818181818182,7,4,1,0,66.68,6.06181818181818,68,6.18181818181818
980992,2,47.5,4.31818181818182,13,2,0,1,76.66,6.96909090909091,72,6.54545454545455
980992,13,45.75,4.15909090909091,13,2,1,0,58.67,5.33363636363636,70,6.36363636363636
980994,1,45.75,4.15909090909091,12,1,0,1,71.33,6.48454545454545,73.5,6.68181818181818
980994,12,46.25,4.20454545454545,12,1,1,0,57.67,5.24272727272727,67,6.09090909090909
980996,0,56.75,5.15909090909091,4,0,0,1,64,5.81818181818182,71,6.45454545454545
980996,4,52,4.72727272727273,4,0,1,0,63.66,5.78727272727273,69,6.27272727272727
980998,1,53,4.81818181818182,1,7,1,0,63.34,5.75818181818182,72,6.54545454545455
980998,7,58.5,5.31818181818182,1,7,0,1,70.67,6.42454545454545,74,6.72727272727273
981000,1,55.5,5.04545454545455,2,2,0,0,59.33,5.39363636363636,66,6
981000,2,52,4.72727272727273,2,2,1,1,64.65,5.87727272727273,72,6.54545454545455
981002,1,46.75,4.25,12,12,0,0,65,5.90909090909091,68,6.18181818181818
981002,12,42.5,3.86363636363636,12,12,1,1,71.34,6.48545454545455,73,6.63636363636364
981004,2,51,4.63636363636364,4,2,0,1,66.68,6.06181818181818,77,7
981004,4,57.75,5.25,4,2,1,0,60,5.45454545454545,69,6.27272727272727
981006,1,53.5,4.86363636363636,13,13,0,0,65.33,5.93909090909091,69,6.27272727272727
981006,13,51,4.63636363636364,13,13,1,1,71.67,6.51545454545455,78,7.09090909090909
981008,0,56.25,5.11363636363636,1,1,0,0,66.34,6.03090909090909,73,6.63636363636364
981008,1,49.25,4.47727272727273,1,1,1,1,66.65,6.05909090909091,74,6.72727272727273
981010,4,58,5.27272727272727,4,12,1,0,68.33,6.21181818181818,74,6.72727272727273
981010,12,57.25,5.20454545454545,4,12,0,1,66.01,6.00090909090909,76,6.90909090909091
981012,7,55,5,13,13,0,0,64.34,5.84909090909091,69,6.27272727272727
981012,13,55,5,13,13,1,1,66.33,6.03,80,7.27272727272727
981014,0,55.25,5.02272727272727,0,1,1,0,66.65,6.05909090909091,75,6.81818181818182
981014,1,58.25,5.29545454545455,0,1,0,1,72.01,6.54636363636364,73,6.63636363636364
981016,1,48.25,4.38636363636364,2,2,0,0,67.66,6.15090909090909,70,6.36363636363636
981016,2,48.75,4.43181818181818,2,2,1,1,71.99,6.54454545454545,80,7.27272727272727
981018,2,49.25,4.47727272727273,2,2,1,1,70.67,6.42454545454545,77,7
981018,13,53.5,4.86363636363636,2,2,0,0,66.67,6.06090909090909,71,6.45454545454545
981020,0,56.75,5.15909090909091,1,0,0,1,70.33,6.39363636363636,77,7
981020,1,52.25,4.75,1,0,1,0,68.67,6.24272727272727,71.5,6.5
981022,0,53,4.81818181818182,0,0,1,1,69,6.27272727272727,72.5,6.59090909090909
981022,13,59,5.36363636363636,0,0,0,0,66.34,6.03090909090909,75,6.81818181818182
981024,0,62.75,5.70454545454545,0,0,1,1,64.99,5.90818181818182,73,6.63636363636364
981024,2,59.75,5.43181818181818,0,0,0,0,65.66,5.96909090909091,77.5,7.04545454545455
1082591,0,60.25,5.47727272727273,2,0,0,1,69.33,6.30272727272727,76,6.90909090909091
1082591,2,63.5,5.77272727272727,2,0,1,0,61,5.54545454545455,71,6.45454545454545
1082592,7,61.75,5.61363636363636,0,12,0,0,62.66,5.69636363636364,72,6.54545454545455
1082592,12,55,5,0,12,0,1,66.33,6.03,73,6.63636363636364
1082593,1,45.25,4.11363636363636,1,1,1,1,63.66,5.78727272727273,71,6.45454545454545
1082593,13,56.25,5.11363636363636,1,1,0,0,59.33,5.39363636363636,66,6
1082594,4,58.5,5.31818181818182,4,4,1,1,66.66,6.06,72,6.54545454545455
1082594,12,55.5,5.04545454545455,4,4,0,0,66,6,70,6.36363636363636
1082595,1,54,4.90909090909091,2,2,0,0,69.34,6.30363636363636,74,6.72727272727273
1082595,2,54.5,4.95454545454545,2,2,1,1,71.33,6.48454545454545,70,6.36363636363636
1082596,0,46,4.18181818181818,0,0,1,1,66.66,6.06,71.5,6.5
1082596,13,49.25,4.47727272727273,0,0,0,0,60.34,5.48545454545455,68,6.18181818181818
1082597,1,54.25,4.93181818181818,7,7,0,0,67.99,6.18090909090909,70.5,6.40909090909091
1082597,7,61.5,5.59090909090909,7,7,1,1,66.34,6.03090909090909,74,6.72727272727273
1082598,2,45.75,4.15909090909091,2,4,1,0,60.67,5.51545454545455,66,6
1082598,4,53.25,4.84090909090909,2,4,0,1,67.68,6.15272727272727,70.5,6.40909090909091
1082599,1,55,5,12,1,0,1,70.67,6.42454545454545,82,7.45454545454545
1082599,12,52.5,4.77272727272727,12,1,1,0,62.33,5.66636363636364,69.5,6.31818181818182
1082600,0,53,4.81818181818182,7,7,0,0,65.99,5.99909090909091,72,6.54545454545455
1082600,7,57,5.18181818181818,7,7,1,1,70.66,6.42363636363636,73.5,6.68181818181818
1082601,1,54.25,4.93181818181818,1,1,1,1,70.67,6.42454545454545,79.5,7.22727272727273
1082601,4,60.25,5.47727272727273,1,1,0,0,60.32,5.48363636363636,68,6.18181818181818
1082602,2,47.75,4.34090909090909,7,7,0,0,66.67,6.06090909090909,75,6.81818181818182
1082602,7,47.75,4.34090909090909,7,7,1,1,67.67,6.15181818181818,73.5,6.68181818181818
1082603,12,60,5.45454545454545,13,13,0,0,65,5.90909090909091,69,6.27272727272727
1082603,13,56,5.09090909090909,13,13,1,1,65.67,5.97,75,6.81818181818182
1082604,0,62.25,5.65909090909091,0,1,1,0,66.33,6.03,72.5,6.59090909090909
1082604,1,54.75,4.97727272727273,0,1,0,1,69.66,6.33272727272727,72,6.54545454545455
1082605,1,63.5,5.77272727272727,1,1,1,1,70.67,6.42454545454545,73,6.63636363636364
1082605,4,53.5,4.86363636363636,1,1,0,0,67,6.09090909090909,76.5,6.95454545454545
1082606,7,55.75,5.06818181818182,7,7,1,1,65.33,5.93909090909091,72,6.54545454545455
1082606,13,53.75,4.88636363636364,7,7,0,0,63.67,5.78818181818182,74.5,6.77272727272727
1082607,2,51.25,4.65909090909091,2,12,1,0,69.66,6.33272727272727,72.5,6.59090909090909
1082607,12,55.25,5.02272727272727,2,12,0,1,71.33,6.48454545454545,73,6.63636363636364
1082608,1,110.5,10.0454545454545,1,1,1,1,131.32,11.9381818181818,149.5,13.5909090909091
1082609,0,51.5,4.68181818181818,4,0,0,1,70.67,6.42454545454545,71,6.45454545454545
1082609,4,48.25,4.38636363636364,4,0,1,0,67.66,6.15090909090909,74,6.72727272727273
1082610,2,56,5.09090909090909,13,2,0,1,66.33,6.03,78,7.09090909090909
1082610,13,58.25,5.29545454545455,13,2,1,0,61.67,5.60636363636364,68,6.18181818181818
1082611,0,51.75,4.70454545454545,0,0,1,1,65.99,5.99909090909091,72,6.54545454545455
1082611,1,56.5,5.13636363636364,0,0,0,0,61.66,5.60545454545455,72,6.54545454545455
1082612,4,51.75,4.70454545454545,7,7,0,0,57.33,5.21181818181818,69,6.27272727272727
1082612,7,55.75,5.06818181818182,7,7,1,1,65.68,5.97090909090909,69,6.27272727272727
1082613,1,58,5.27272727272727,13,13,0,0,62.67,5.69727272727273,74,6.72727272727273
1082613,13,60,5.45454545454545,13,13,1,1,63.33,5.75727272727273,72.5,6.59090909090909
1082614,1,46.75,4.25,1,7,1,0,70.34,6.39454545454545,77,7
1082614,7,53.75,4.88636363636364,1,7,0,1,72,6.54545454545455,73.5,6.68181818181818
1082615,0,56.5,5.13636363636364,12,12,0,0,65,5.90909090909091,69,6.27272727272727
1082615,12,56.75,5.15909090909091,12,12,1,1,64.33,5.84818181818182,68,6.18181818181818
1082616,4,59.25,5.38636363636364,13,4,0,1,67.66,6.15090909090909,71,6.45454545454545
1082616,13,57,5.18181818181818,13,4,1,0,67,6.09090909090909,75.5,6.86363636363636
1082617,1,52.25,4.75,2,1,0,1,70.33,6.39363636363636,79.5,7.22727272727273
1082617,2,42,3.81818181818182,2,1,1,0,72.33,6.57545454545455,81,7.36363636363636
1082618,7,56.25,5.11363636363636,7,12,1,0,67,6.09090909090909,68,6.18181818181818
1082618,12,57.25,5.20454545454545,7,12,0,1,69.67,6.33363636363636,74.5,6.77272727272727
1082620,1,51,4.63636363636364,1,1,1,1,65.34,5.94,70,6.36363636363636
1082620,12,56.5,5.13636363636364,1,1,0,0,60.67,5.51545454545455,70.5,6.40909090909091
1082621,2,49.75,4.52272727272727,13,13,0,0,60.67,5.51545454545455,69,6.27272727272727
1082621,13,48.5,4.40909090909091,13,13,1,1,72,6.54545454545455,81.5,7.40909090909091
1082622,1,106.25,9.65909090909091,1,1,1,1,126.32,11.4836363636364,136,12.3636363636364
1082623,0,55.75,5.06818181818182,4,0,0,1,67,6.09090909090909,80,7.27272727272727
1082623,4,58.75,5.34090909090909,4,0,1,0,59,5.36363636363636,70,6.36363636363636
1082624,2,41,3.72727272727273,2,12,1,0,65.67,5.97,71.5,6.5
1082624,12,52,4.72727272727273,2,12,0,1,72.66,6.60545454545455,76,6.90909090909091
1082625,7,55.75,5.06818181818182,13,0,0,0,71,6.45454545454545,73,6.63636363636364
1082625,13,54.75,4.97727272727273,13,0,1,0,67.01,6.09181818181818,80,7.27272727272727
1082626,0,41.75,3.79545454545455,4,4,0,0,76.34,6.94,74.5,6.77272727272727
1082626,1,40,3.63636363636364,4,4,0,0,59.67,5.42454545454545,66,6
1082627,0,49.25,4.47727272727273,1,0,0,1,67,6.09090909090909,75,6.81818181818182
1082627,1,56,5.09090909090909,1,0,1,0,61,5.54545454545455,70,6.36363636363636
1082628,2,57,5.18181818181818,2,7,1,0,66,6,74,6.72727272727273
1082628,7,56.25,5.11363636363636,2,7,0,1,68,6.18181818181818,77,7
1082629,12,52.25,4.75,12,12,1,1,69.33,6.30272727272727,77.5,7.04545454545455
1082629,13,56.5,5.13636363636364,12,12,0,0,64.66,5.87818181818182,71,6.45454545454545
1082630,0,56.5,5.13636363636364,1,1,0,0,61.33,5.57545454545455,72,6.54545454545455
1082630,1,63,5.72727272727273,1,1,1,1,64.66,5.87818181818182,70,6.36363636363636
1082631,1,58.5,5.31818181818182,12,12,0,0,67.32,6.12,69.5,6.31818181818182
1082631,12,48,4.36363636363636,12,12,1,1,69.34,6.30363636363636,73,6.63636363636364
1082632,1,55,5,1,1,1,1,62.66,5.69636363636364,75.5,6.86363636363636
1082632,13,58.75,5.34090909090909,1,1,0,0,59.67,5.42454545454545,71.5,6.5
1082633,2,49,4.45454545454545,2,4,1,0,71.66,6.51454545454545,77.5,7.04545454545455
1082633,4,51.75,4.70454545454545,2,4,0,1,72.33,6.57545454545455,75,6.81818181818182
1082634,0,52.25,4.75,0,12,1,0,68.33,6.21181818181818,77.5,7.04545454545455
1082634,12,53.25,4.84090909090909,0,12,0,1,71.33,6.48454545454545,77.5,7.04545454545455
1082635,1,45.25,4.11363636363636,1,7,1,0,63.67,5.78818181818182,71,6.45454545454545
1082635,7,58.75,5.34090909090909,1,7,0,1,72.66,6.60545454545455,83.5,7.59090909090909
1082636,1,53,4.81818181818182,1,1,1,1,67.33,6.12090909090909,73,6.63636363636364
1082636,2,50.75,4.61363636363636,1,1,0,0,62.99,5.72636363636364,71,6.45454545454545
1082637,4,50.75,4.61363636363636,13,13,0,0,61.33,5.57545454545455,72.5,6.59090909090909
1082637,13,56.5,5.13636363636364,13,13,1,1,62.01,5.63727272727273,70,6.36363636363636
1082638,0,48.75,4.43181818181818,7,0,0,1,68.66,6.24181818181818,76.5,6.95454545454545
1082638,7,48.5,4.40909090909091,7,0,1,0,65.66,5.96909090909091,70,6.36363636363636
1082639,1,50.75,4.61363636363636,1,4,1,0,67.68,6.15272727272727,71,6.45454545454545
1082639,4,57.75,5.25,1,4,0,1,66.34,6.03090909090909,73.5,6.68181818181818
1082640,1,65.5,5.95454545454545,1,1,1,1,63.34,5.75818181818182,71,6.45454545454545
1082640,13,61,5.54545454545455,1,1,0,0,64.33,5.84818181818182,71.5,6.5
1082641,4,58.75,5.34090909090909,7,4,0,1,64.65,5.87727272727273,74.5,6.77272727272727
1082641,7,63.5,5.77272727272727,7,4,1,0,60.67,5.51545454545455,70.5,6.40909090909091
1082642,1,54,4.90909090909091,1,1,1,1,69.34,6.30363636363636,71.5,6.5
1082642,12,53.75,4.88636363636364,1,1,0,0,69,6.27272727272727,76.5,6.95454545454545
1082643,0,49.75,4.52272727272727,0,0,1,1,70.01,6.36454545454546,72.5,6.59090909090909
1082643,13,50.25,4.56818181818182,0,0,0,0,61.32,5.57454545454545,70.5,6.40909090909091
1082644,1,60.25,5.47727272727273,1,7,1,0,68.66,6.24181818181818,72,6.54545454545455
1082644,7,51.5,4.68181818181818,1,7,0,1,69.33,6.30272727272727,75.5,6.86363636363636
1082645,4,44,4,12,12,0,0,66.01,6.00090909090909,66,6
1082645,12,43,3.90909090909091,12,12,1,1,72.67,6.60636363636364,81.5,7.40909090909091
1082646,1,57,5.18181818181818,2,2,0,0,66.34,6.03090909090909,74,6.72727272727273
1082646,2,56,5.09090909090909,2,2,1,1,70.66,6.42363636363636,75.5,6.86363636363636
1082647,7,53.75,4.88636363636364,7,12,1,0,64.67,5.87909090909091,69,6.27272727272727
1082647,12,48.25,4.38636363636364,7,12,0,1,71.34,6.48545454545455,78.5,7.13636363636364
1082648,0,50.75,4.61363636363636,1,1,0,0,58,5.27272727272727,71.5,6.5
1082648,1,40.5,3.68181818181818,1,1,1,1,72,6.54545454545455,75.5,6.86363636363636
1082649,1,47.5,4.31818181818182,7,7,0,0,65.34,5.94,70.5,6.40909090909091
1082649,7,47.75,4.34090909090909,7,7,1,1,73.01,6.63727272727273,78,7.09090909090909
1082650,7,49.75,4.52272727272727,7,7,1,1,69.01,6.27363636363636,73.5,6.68181818181818
1082650,12,46.25,4.20454545454545,7,7,0,0,70.34,6.39454545454545,75,6.81818181818182
